Date,wind_10m,specific_humidity,LW_down,SW_down,rainfall,snowfall,sosaline,sst,t2m,surface_pressure,sea_ice_extent
1979-01,5.5313980972841295,0.8119613369920589,186.68705431789365,3.127879799248628,1.0098721533462167,0.8923187646904625,33.341555724098356,273.35523677985276,250.3881007051322,984.6330316952603,15604191.0
1979-02,5.328019569717673,0.6888963657930313,174.79457074639018,18.54159440179557,0.9208313099949599,0.7813467779436333,33.36516390716228,273.12188507358917,247.07120193002467,983.9804182952345,16378929.0
1979-03,5.4325105315080835,0.9161239753378042,190.7419328263805,67.69042861450826,0.98332654668036,0.8552659104331373,33.36593756579338,273.0880993584833,252.9541384695544,985.1404676355302,16521089.0
1979-04,4.792835525949737,1.272055813380158,212.9379251425174,156.2236735060186,0.8907225695079768,0.7052033224895848,33.35040848535672,273.12606222176436,259.5574558760161,989.3146977466978,15561238.0
1979-05,4.8190280378671515,2.2397755294437824,253.69047830693802,230.95083292337816,1.2013084827092395,0.6887234246265971,33.2957680577896,273.3935506630122,269.3751180074743,984.4836583680294,14085613.0
1979-06,4.458702355124898,3.7234992669701246,287.96906814721274,241.63900465809257,1.5893840451176426,0.4196642948963985,33.22818762917794,274.30861484207924,276.3767418724753,980.0468993611104,12653185.0
1979-07,4.4801579565632546,4.9219977502670815,308.5310518893734,199.6639099881818,1.7708351617549603,0.20947007971428433,33.143264304344946,275.88055741474477,279.6711853559215,980.8218133281074,10521427.0
1979-08,4.585210069984061,4.563531306390251,303.714732117981,130.36697857602152,1.8770577044313301,0.2828640816844993,33.08706106056729,276.9360761556676,278.1281313737662,981.0897265854155,8183421.0
1979-09,5.072221625539367,3.2296399437647785,277.94905060950526,71.35050434715929,1.81375492126992,0.6336597418967805,33.11067263319443,276.42982269607586,273.13939145685947,980.2855367128736,7219913.0
1979-10,5.25060833825982,1.8934772042510335,241.54422840295487,25.226033537467988,1.4117479850414085,0.9450938370729908,33.17553776763578,274.9188597818839,264.6521798905836,981.418812652531,9428492.0
1979-11,5.585218594764705,1.2752870251759967,212.22710640299582,5.287116806380277,1.4874747615220156,1.1466983623307911,33.251067489084896,274.06624005615083,257.17608206103705,978.1510482647162,11185959.0
1979-12,5.607096660330624,0.9598319702828026,194.43366147676272,1.2896676679346404,1.1739534227733635,0.9551650236238237,33.322696929385614,273.58534475044644,252.68699095323652,974.666669972521,13575098.0
1980-01,5.7421626183536265,0.8366985674835561,188.56715781683587,3.1920317234291224,1.0732171557243204,0.8824297309026065,33.37428799993314,273.3746475604075,250.96408601713253,986.8468359040453,15053607.0
1980-02,5.6839930839919255,0.9403468969923631,194.52949108229672,17.88273616492586,1.0418993735179718,0.8459985346596163,33.3950548049296,273.2082092593892,252.8334029209141,981.455633459425,16074814.0
1980-03,5.0690104997924585,0.9863639883867735,197.40800883089517,70.28121782478391,0.8365399610617497,0.7029119991885648,33.39932813044731,273.1823616592409,254.863225996016,986.0487037446361,16207072.0
1980-04,5.265531117173174,1.396480066468598,216.66728644161296,158.36728163761688,0.9685827729938804,0.7419825799413167,33.38004236969312,273.2484083626613,260.5172129616331,984.7621495870492,15546525.0
1980-05,4.830459462894798,2.3209961748782795,260.88475342557064,224.86771083887922,1.0361761769868263,0.639200541194844,33.316694365090115,273.63977449976994,270.2329977198137,986.719603876582,14080852.0
1980-06,4.5529507460530425,3.8046042193465803,287.9399390902327,248.2176183401011,1.4403858219112147,0.42086867055618543,33.237529361918284,274.6744595583359,276.9512465302167,980.3111491660109,12372595.0
1980-07,4.249461043358066,4.848419566344957,308.8329730027246,195.12870733188294,1.6870252265343149,0.1678049933972991,33.13757965131105,276.26317111064196,279.44305664414964,981.5856010422073,10433081.0
1980-08,4.758632767446035,4.584799370350617,300.7696440271351,137.46219997220956,1.8131341845542286,0.3668432358628712,33.079843055992896,277.2823027906126,278.4518443269894,981.9244686937027,8082016.0
1980-09,4.957922944609981,3.2023566367917833,275.60848524319863,71.54703627055908,1.616206543262977,0.6326028391607523,33.10895729874243,276.5672788053526,272.93763962852756,980.8228501451546,7856976.0
1980-10,5.457733157098977,2.0128070475810538,246.86718318933092,25.19951174582308,1.5018560549135322,0.990750458629316,33.17281772445992,274.90270770157525,265.9632016726827,980.3670777815348,9485305.0
1980-11,5.309675997417132,1.0975777269604556,202.30057520261016,5.323172820273674,1.247416185886008,1.0172014506178038,33.24446491902145,273.98767829401146,255.09420150501376,981.1404970601009,11721403.0
1980-12,5.590333842130405,0.8497126253593318,189.01410578630538,1.276124654614959,1.1439413481253238,0.9528388011449658,33.30874990352345,273.47697200161764,251.26281438685706,982.1752468894272,13752372.0
1981-01,5.960061960622557,0.9845976603144656,200.23780570353446,3.015127779998422,1.3130293301113565,1.1238367095843518,33.34275974489085,273.20955642527423,253.7238173602796,976.7210104042206,15109158.0
1981-02,5.735260417613233,0.8821176959947786,191.39915767618479,18.616965053922492,1.1165405779598574,0.93525739689991,33.36351105705331,273.1365529396346,252.1287959965736,981.9012112561596,15748975.0
1981-03,5.424766998870616,0.9723854874739954,196.02954948764892,69.48715474700899,0.930449039704772,0.8021650691447315,33.37745215638009,273.00515995262725,254.57443053983167,984.3477875552406,15703794.0
1981-04,5.010104957196486,1.4072604241157889,222.17723025961922,154.19109887518533,1.0368467001938184,0.8446781013572401,33.34607642163132,273.14788820413366,261.5739746911259,982.3137956974226,15192945.0
1981-05,4.845108748223127,2.3541396031061312,257.3471756955846,231.91801284490037,1.1216033986536822,0.722345479099936,33.29195959409969,273.5236933469426,270.22397706809005,982.6580392977668,13921115.0
1981-06,4.4784728341703595,3.825139818032057,291.0324246445398,240.83730745713942,1.6090668186953088,0.35582563625404734,33.22104408675736,274.5060615534967,277.22291749812223,982.546108103863,12621552.0
1981-07,4.535310089010669,4.855318147725851,307.4281837565395,196.6628250825603,1.8973841743634394,0.24713527526623505,33.13351986933199,276.02128667717363,279.4884756466608,978.9462163806768,10667981.0
1981-08,4.667342874034666,4.653552724386855,303.3769238281322,134.45747137250137,1.909646285671754,0.3764060609186864,33.08496335026643,276.930451652062,278.588960735782,981.0940058124213,7886965.0
1981-09,4.90474733854554,3.2568041440757733,280.2947927203014,68.07381204901172,1.6653569830554305,0.6358849911345243,33.10922454198874,276.4818906737829,273.23743166469455,983.681859099364,7250748.0
1981-10,5.471601266784423,2.0789627133846986,250.21316534134243,24.439819269562253,1.5858554501249915,0.9971495331505128,33.164183894124704,275.0129916160316,266.01684540907854,985.2937414664443,9214381.0
1981-11,5.516764774654963,1.3157919959957136,218.58629673731147,5.194928089209924,1.3572539567893889,1.0549953872493067,33.23622590539707,273.9402760440671,258.60116136792993,980.5052902957142,11206113.0
1981-12,5.736647492190441,0.9040978874449417,195.43974565532682,1.261348760780016,1.1574540899946153,1.038355303102893,33.29019799419861,273.33935746280855,253.27652415411197,979.7647189908167,13776309.0
1982-01,5.671618695621523,0.6932190444365962,178.71362594740154,3.309544222890618,1.0260418018982025,0.874262956093336,33.34978512632234,273.1296494539206,248.53729536775973,983.3663932273513,15340865.0
1982-02,5.559941363614654,0.9453506322427435,192.61045845052922,17.57205899797673,1.1487869248788454,0.8845870395866638,33.37705456707419,273.04258552451813,251.95811760446423,980.8646321735745,16135234.0
1982-03,5.2396610217352,0.9718334830072551,192.68772292870702,68.15662051643872,0.9388353359650415,0.7488289815384199,33.39194300030932,273.1005343071207,253.61698520179146,981.2872483804911,16227629.0
1982-04,5.13226303977642,1.4281591507412636,218.6144450193543,154.62215519494788,1.1440253256776858,0.9007369985852531,33.37753592740049,273.1141677453968,260.74987487837797,980.1525093461403,15624536.0
1982-05,4.753281337247334,2.1221512358533325,252.83876952581372,229.56581572644117,1.1122199320737276,0.6269597609015911,33.319584085718034,273.4190431632527,268.75252644871136,986.4916251791036,14180382.0
1982-06,4.530624931446645,3.6060470120462793,287.7356560107998,245.62599617027385,1.4109519099244234,0.42959480163325636,33.24553554545574,274.4008664826739,276.38458884642364,984.0423822647489,12749741.0
1982-07,4.595061490954203,4.913375433235063,306.3139922700674,209.22814635168675,1.6871479625881294,0.23514669024240478,33.164609484832766,275.9446814447406,279.9234639942794,980.2959805534609,10805880.0
1982-08,4.621139876819376,4.39841332504461,299.9029523570287,135.69549742550836,1.8115597681616944,0.3173110658211418,33.10346969881468,276.7595683926066,277.99156029672906,980.8255920169294,8300662.0
1982-09,5.203605499615056,3.144144862077715,275.1380556728296,71.58049790763,1.8784021770978245,0.7277671462749835,33.12047580472941,276.09666077367166,272.98680926376073,979.0292716458276,7454783.0
1982-10,5.163840339579214,1.8384708243941799,240.7489852241845,24.74645032951,1.519298390716409,1.06877424548535,33.19637123233642,274.8413916922215,264.2649662337459,981.7722212571687,10019317.0
1982-11,5.573887299221529,1.1923957583941889,206.90593652057086,5.206541020453395,1.3754227558698553,1.0271140960201952,33.28204034983809,273.96453093434747,255.41489394247498,979.0725635750144,11959292.0
1982-12,5.733035984421566,0.9976748485776689,196.10436079098957,1.1933489059907645,1.2935274453145917,1.0451629213348872,33.34967893373768,273.52911983269104,252.71668172035058,976.2095127924468,13871330.0
1983-01,5.711778182999029,0.8606972200857259,188.5022022568295,3.1420780213233495,1.2379765407835235,1.0277152382185342,33.3798841473392,273.26919790361507,250.72089393817808,976.3996174758774,15159948.0
1983-02,5.643276007615115,0.8244347266725764,187.4896452422149,17.815322939399195,1.052501500196827,0.8998999701816218,33.39935817254683,273.0848003883583,250.87547288375524,982.8448891922751,16095113.0
1983-03,5.447372855413675,1.0320061868159613,198.37178754612714,66.32507416279981,0.9748266270853785,0.793772824735276,33.399771793022516,273.03502184775493,255.08039841191197,983.1121787157525,16185533.0
1983-04,5.037230486351685,1.3728325543692617,218.47499138779514,149.2964884296263,1.000435332018149,0.776494641221719,33.36747108186717,273.14078252865835,260.3437431707049,987.0674802432555,15363742.0
1983-05,4.689329018242025,2.1412929917925814,252.8307350887347,226.4274374058954,0.9572263517244938,0.5875230657712062,33.29424404234896,273.57276406192585,269.03487890253336,986.0039839246155,13566764.0
1983-06,4.7964671184793195,3.71441930396846,284.798840155069,251.75743586448445,1.476188485703222,0.4719909339818058,33.220929770279675,274.401388519566,276.9987389594596,981.0982673232585,12387795.0
1983-07,4.3816160013443906,4.965009094545791,308.9336090338994,196.6957751033926,1.8163343132527268,0.23017366115322788,33.13121299509816,275.7796241882033,279.7862759417845,979.9296616508732,10945685.0
1983-08,4.650177583701679,4.60960689782066,302.96942382276063,129.99222444213763,2.068376162063799,0.33824843068013066,33.0663245687963,276.5189145927203,278.1896412643124,977.2877391056292,8392355.0
1983-09,5.008490878251516,3.3254870348424155,278.724704862824,69.15139198876314,1.7630151826931528,0.655884568570898,33.090998746279745,276.2329349004096,273.45162623497686,981.045988166735,7540600.0
1983-10,5.4443964578488355,1.9108980478641542,241.60672700227877,25.00847909534951,1.6878355618798815,1.055332632435589,33.176163434072265,274.80514826094213,264.6015601996667,977.4365463883975,9689444.0
1983-11,5.409763713119949,1.2256626767823218,213.05065171874597,5.4560830166888525,1.3912966115841914,1.1449041689110762,33.250126154453454,273.83491927035686,257.37079486687077,977.572763024058,11677528.0
1983-12,5.608649457383975,0.9792775503470883,196.16740158029327,1.1263333646744078,1.2106769311085113,0.9926370966007574,33.31592050344139,273.4988588724172,253.13966237233555,979.3781935277913,13487417.0
1984-01,5.411131613592359,0.9131530962016341,192.1273922733168,3.205322435676055,1.0753247284600949,0.9340081402505832,33.361626110731784,273.27336024414353,251.52975418520325,979.621384241064,14691196.0
1984-02,5.538705709629171,0.9159355655377283,187.85259839325147,18.2753044546397,1.0803669910368927,0.8504296572806926,33.37604965316839,273.21197410042936,250.35633595675847,983.0128545171873,15424012.0
1984-03,5.09851325771562,0.9706434207541673,194.06645389197325,70.05509891660839,0.8429602784573004,0.7229237060071425,33.37715029654293,273.0845831141838,253.94402598577065,988.1680690336937,15716599.0
1984-04,5.103598723699796,1.3158572023339894,212.25519803640302,158.5684285552282,0.9932188138640226,0.7547903563668961,33.35260044962457,273.1911485266467,259.56911587481676,985.0508574736425,15226124.0
1984-05,4.730151002846497,2.358823326915085,256.7041716235395,230.06377378064656,1.1130000011350758,0.664113737220987,33.29020578151255,273.57212638966763,270.10916918280276,982.8005768712626,13700707.0
1984-06,4.603540855625501,3.9228563169152713,290.99209083439086,243.88815667300557,1.5884049836822147,0.3908627902111858,33.19910607724049,274.6737096705654,277.3495442340576,982.0064804280116,12253081.0
1984-07,4.286880364493231,5.176234354358229,311.31416157652654,196.82625262529248,1.8354048001022485,0.20638083141930508,33.113568610033866,276.18039957322566,280.15278998173727,980.9425525433517,10217529.0
1984-08,4.705326981983822,4.526027377792317,302.6942245224662,129.5556398606781,2.079334476858695,0.3809981813295252,33.06656255047505,277.02706983287203,278.1169124504663,978.4258374282724,7938903.0
1984-09,4.89771406364894,3.2937617165954602,279.6358520218511,68.80334910320215,1.6337996824308627,0.66746754917943,33.10234177755172,276.5590035278526,273.56715158124945,981.5807055467484,7111240.0
1984-10,5.238220407408222,2.0379120937458612,247.33124346467125,23.916118016291907,1.4870381224175866,0.944751721650372,33.18052882125207,275.12774076331345,265.91453665328515,982.0966670675056,8870272.0
1984-11,5.460894743928777,1.1911405384275002,209.94278289365167,4.929831542702319,1.1796139501297678,0.9033352715012725,33.26751183320014,274.1607073742034,256.5884664062811,981.2111411267389,11319686.0
1984-12,5.882627278357103,1.0318306352266648,198.40029258218718,1.096028566730338,1.342333100609229,1.0532560866734821,33.330044686834896,273.72611709711265,252.94333539134485,978.7041683400482,13213142.0
1985-01,5.684647417679407,0.8799275955042948,190.60112293701417,3.1687145334190765,0.9977315073495744,0.8758597412045817,33.367786882067556,273.45139782387423,251.6472296196701,985.2987375953329,14963667.0
1985-02,5.275916657219407,0.7668465570353497,183.27832087460658,19.20192661045261,0.9524991495889463,0.7886241217054792,33.37543155976775,273.2727679309823,249.71918425005646,989.451030476009,15771314.0
1985-03,5.350921685145743,0.9635786322658192,193.12588317015283,69.75181391986438,0.9981952170385204,0.8430076312259795,33.38429992765296,273.1636126104146,253.9640088420353,981.0611096614812,16137266.0
1985-04,4.997702175685303,1.2317165021263865,212.08825398935159,159.19932087360377,0.919967135799591,0.7433622710958827,33.36510430116087,273.2098451872701,259.52056022074487,983.4424475091723,15407986.0
1985-05,4.583974560568506,2.2522016790902573,257.701855303324,228.51363459948163,1.0608185965683299,0.6768570621568404,33.314936688810945,273.56136919338644,269.6868083598687,984.7910475831343,14260927.0
1985-06,4.453277291881263,3.8009867027036193,289.5076564798817,248.65849791876633,1.334149962782955,0.3333227971338927,33.235463131979266,274.4781954384295,277.3166464400545,982.9898161521238,12445600.0
1985-07,4.463709518833509,4.877146299392986,307.76685354337116,199.7815411064463,1.6634671547057125,0.163515278146159,33.15440115406682,276.13553419034037,279.5004634917737,982.1189790069127,10158967.0
1985-08,4.5786608176174095,4.501668814994173,300.9599830805807,135.30877471746555,1.949035643347028,0.3113360930383557,33.11977511503109,277.24643700042407,278.1832433647631,981.1171400163465,7504422.0
1985-09,5.126017475861716,3.3089978061081484,278.7007186970899,71.02105060205352,1.820453313890415,0.6215737084586465,33.14929376022499,276.5974597385892,273.53542203626637,981.0878178276012,6935105.0
1985-10,5.438012190824815,2.0043952215157113,242.93498289700796,24.394619714623445,1.6426185795644621,1.0302726106720428,33.22805206803319,275.03931834276017,265.00659442653716,977.9406294806279,8915441.0
1985-11,5.749934791106972,1.2809594552399761,216.56938301681768,5.154006224250769,1.4496021245869894,1.1782870114787698,33.30358039239626,274.04876144767616,258.0128700519716,983.7523805999001,11417014.0
1985-12,5.582664152377731,0.9679191761586642,199.3535713719902,1.1393111897710784,1.128020499172915,0.9509141070124858,33.36092081300648,273.5767506562714,253.8008207893121,984.9159618506252,13249869.0
1986-01,5.362961427412958,0.7840388308445745,184.01256910558538,3.2707342018799928,1.0152410632128226,0.8595695714891818,33.37950189713398,273.3287314405999,249.5033085894286,981.3514590270191,15119253.0
1986-02,5.325249645715525,0.8679569068231514,190.64309781303206,19.22823851715617,0.9193602688009659,0.7998527155921737,33.39284669817186,273.2417569925962,252.3575829240776,985.5223561661594,15987907.0
1986-03,5.5113052735581025,1.0169666578008687,192.87883170558302,69.03338719138841,1.013340342486005,0.7940621177695111,33.3869587330173,273.2018541486214,253.85021808249695,975.7364740043246,16163104.0
1986-04,5.190024336987992,1.3024094196150253,216.73288643112974,154.98880963554066,1.028777399799319,0.8454879061240687,33.35710653580659,273.21540382736146,260.50642446270405,984.6907757579994,15228300.0
1986-05,4.66399625672345,2.3079192497826404,258.73940015160787,225.040295282675,1.1138492924636285,0.6382209248333609,33.30080508138496,273.6642161870241,269.85548151369915,983.4670703894279,13545526.0
1986-06,4.615974557399956,3.7678281574003147,288.3290772994672,246.84065467047566,1.434790383025557,0.4245662558865064,33.237111039916414,274.55581959102017,276.7979679353672,978.9746822577127,12139090.0
1986-07,4.372295876900613,4.9163346454624195,307.73009868017385,200.6399531790502,1.7971730360159113,0.23877622268945078,33.144882786307,276.126732226362,279.5907223215935,981.2758992340852,10496259.0
1986-08,4.61738891362618,4.364169797609801,300.334316494893,134.39984916541877,1.9525812775904585,0.39997064930784454,33.08926352804475,276.97345277576625,277.94042334911535,981.8368740313546,8044575.0
1986-09,5.045305840632405,3.0864547835678295,274.76046349323855,71.60968209238779,1.9198153080198064,0.8228543020572602,33.111806452524235,276.26834523263057,272.7287408446486,980.5541673267387,7553857.0
1986-10,5.493074684142738,1.9831235742336555,242.0643719281103,25.509108392426207,1.6629217609995952,1.049696188819993,33.17801217968202,274.81445789147864,264.7576558671983,976.4618806298718,9922179.0
1986-11,5.261228159398214,1.34374881698346,216.38552038380342,4.9151375181544745,1.3901538083225253,0.9870845477014999,33.262558463592434,274.033768467232,257.69246215462374,979.2758535246072,11811566.0
1986-12,5.628933401003582,0.9170974778920601,191.31979546357277,1.1643878039986146,1.20400586239117,0.959969463540643,33.32144932271321,273.55308382123906,251.97156846037814,977.5793440243119,13456959.0
1987-01,5.73433508700946,0.8397378971167099,187.84822057454392,3.2108177125296593,1.1440462669431941,0.9517925148270089,33.34862033997636,273.30973928075184,250.31784171531058,979.6893542278644,15277015.0
1987-02,5.189480025414409,0.7655095100086029,182.5371169511991,18.342034168053576,0.9370827841748175,0.7953739412821775,33.35645123886366,273.1629040170592,249.4819855417483,983.9932221369952,16209585.0
1987-03,5.411739874451995,0.9199517866473139,190.62812806242246,69.54778011455798,0.9216343103947388,0.7396299210188204,33.36426041159323,273.12825621154553,253.36213591771056,987.1648502196502,16017587.0
1987-04,5.179951594852394,1.3207142572766033,215.13625205721127,157.39180361602544,0.9378095706030265,0.7287853894054364,33.3423493960562,273.1884824756862,260.08630811594367,982.7866115918234,15384298.0
1987-05,4.6680442620247105,2.2098828053392494,255.69750227243304,228.84461987256316,1.1003844793819375,0.7074305951619865,33.296808522241,273.48327265410234,269.24293178292015,983.1778756465137,13845327.0
1987-06,4.473287613338064,3.6666735096991423,289.1247412973625,243.03147089998888,1.4711408858968338,0.4162513123912642,33.22782362798227,274.4888890461914,276.52768346503393,982.8131368497113,12612457.0
1987-07,4.296174514484206,4.955523682054838,308.60542711649856,202.88489437815826,1.6373279927499373,0.1807920577350805,33.149673714256544,275.97986224226906,279.8029124234993,981.5961111039737,10814849.0
1987-08,4.633134189673289,4.476489199094333,301.53312974307346,134.57734902263667,1.7657985009628878,0.2833151077975169,33.0957449079931,277.1574580033563,278.1784401510476,983.6667709092955,7717180.0
1987-09,5.043856762675875,3.1147949704905327,272.9483503421429,72.99857999521844,1.6212194887104145,0.6412069338518677,33.129231634690875,276.6386971213382,272.4507350395241,980.1425142684433,7512706.0
1987-10,5.534297129110272,2.0727063614749612,245.76677735092858,24.803430871522853,1.593494508175936,1.0028097815373467,33.187870222011504,275.16210602559534,265.3602308528336,979.5027469507899,9331817.0
1987-11,5.460994995635731,1.161459359346326,206.70664168138944,5.191822314518351,1.2229994642463078,0.9566004717926414,33.26289709873583,274.1790788199858,255.31091956727454,982.2706236826469,11590097.0
1987-12,5.406777781683739,0.930626465625152,194.09301795023663,1.1921969907463537,1.184053392762408,0.9479455288970873,33.31716016658799,273.65781787581386,251.55545760205032,979.618062533358,11590097.0
1988-01,5.615864534009272,0.8532396667798231,188.29055445926107,3.017566171440365,1.0561669607456798,0.8753835457145261,33.36537664482828,273.31848218299996,250.65775489842434,977.517944834374,15188190.0
1988-02,5.491469426950167,0.885011861542665,191.06370820731374,17.99072531505638,1.00932584769386,0.8408544650522598,33.383236529856724,273.1828888775115,251.4918260795548,983.9440768890851,15732702.0
1988-03,4.978395641687393,0.9839337697365165,196.64742491688605,70.10323915152694,0.8233870869959524,0.7016317368273445,33.38390242670379,273.09668875296023,254.54779359071887,984.1357631814568,16231491.0
1988-04,5.346912518334011,1.2835926024224402,214.8089689310189,159.17779275504668,1.0418073384359043,0.8739983028345254,33.35838546044737,273.10676937297404,260.2744175540085,983.6820261539027,15315907.0
1988-05,4.864933112983752,2.337574680698168,260.8923583691834,227.7795479705803,1.0633765074929653,0.6252096615912482,33.31138812181735,273.5728747820994,270.35328045471175,986.7126800634579,13750518.0
1988-06,4.659702758865835,3.957926816586744,292.53753971784204,241.87662048186192,1.5600735526524916,0.40566558978259276,33.235302665847264,274.6301955386167,277.32341597587373,980.5239337294279,12113514.0
1988-07,4.491569649652128,5.205864608441056,310.36990875697586,206.09725260323523,1.7927367626178046,0.18168179482109453,33.13537542844143,276.2149547850615,280.351940166024,981.3493314835911,10115785.0
1988-08,4.718259846474566,4.639477745433018,304.26993710634594,129.82291140654678,1.9674983120896539,0.3045882215157338,33.097994692514355,277.1638991001621,278.3942536233565,978.7087775006667,7985808.0
1988-09,5.224536999401548,3.3997701070093105,279.6929776338592,70.38962360640025,1.853196879822369,0.661162316289198,33.120566443077365,276.64954601238554,273.80802699817576,977.6949465543762,7529886.0
1988-10,5.545424479444969,2.0098458877076584,242.38893440474922,25.65830414592526,1.6071139784865365,1.0716567440791263,33.17694428253523,275.0724600359257,265.39604103912234,978.6089481185992,9508883.0
1988-11,5.347505921301655,1.1297917928429606,207.349480861205,5.152972404261311,1.2978525348842505,1.0196755270876585,33.24848066967103,273.9151933410201,255.74876694366895,979.2016957136324,11727820.0
1988-12,5.562459092147863,0.9584450192167577,196.77834132989645,1.1875990065355988,1.2645860220338165,1.0347484248387926,33.317383836974834,273.4018178987017,253.00836322637153,974.310905272253,13873842.0
1989-01,5.658548430907892,0.786091175881263,179.599921292399,3.413788752848006,1.254503895308095,0.961106022451907,33.36469986509891,273.25563795582565,248.28618305898877,972.7192796025014,15227711.0
1989-02,5.974982341847839,1.0048763470178617,197.6072345664521,17.53960333668001,1.3973929105457594,1.1903501510135865,33.38859613678903,273.17097279914645,253.56551386272673,974.1496479016267,15670791.0
1989-03,5.494997570198041,1.0829444328132225,198.04852874398475,68.46482936844085,1.0505056817989489,0.8556482500982404,33.401125382628976,273.09752009498567,254.99058313612665,979.4921555895211,15621569.0
1989-04,5.144356941823427,1.4405102853417768,220.56754827877407,156.8034921732146,0.9460863642879314,0.7516095597249195,33.372356942868116,273.2777566274025,261.3118525040628,985.3671587768029,14526319.0
1989-05,4.84882787031691,2.3205163305951193,257.8727111948077,227.22894634257986,1.2889828470508138,0.7126434870080988,33.32600741177518,273.6387218603649,269.83766715156383,983.0159722246754,13048365.0
1989-06,4.63003105937294,3.9111348977481253,290.7703699889877,247.350200462564,1.5702788830305823,0.477733777631606,33.25678766370323,274.5802564421462,277.3682097459235,980.9788297424201,12372855.0
1989-07,4.695350572864082,4.991585468714341,309.8731297297715,195.45520973584485,2.0190364900449635,0.2711306892657323,33.17885485807664,276.065623768981,279.8630871031831,978.372896874525,10467050.0
1989-08,4.517907025451664,4.745175343606715,304.05512913011296,133.67135727512363,1.975761190317619,0.27602533512875194,33.1240439028944,277.1163442058552,278.68465111766085,978.1238054302129,7996732.0
1989-09,5.288815702092958,3.3624951900891884,280.44541818598833,68.71220959902975,1.9651083132693643,0.76194525502478,33.138710288723786,276.51865765175813,273.5207803154715,977.4356441158106,7082278.0
1989-10,5.152021619100297,1.9699269697847803,242.72844094193897,24.33814822906619,1.52334979352167,1.0043049965467628,33.21140550202278,274.9730300166533,264.8066535040421,977.5195504455177,9548262.0
1989-11,5.476758632113524,1.1996947520989358,206.9159924981205,5.129408049679208,1.3101367727620359,1.0428931838944244,33.28232842308458,274.10560784446585,255.65793261063115,980.1595041020282,11565367.0
1989-12,5.565116947027544,0.9637845917052394,194.7356091331007,1.1963617868391236,1.1430659038673383,0.9519065085506101,33.33962201880328,273.53439489033497,252.68309899211948,979.5053279021189,13571420.0
1990-01,5.384419911525475,0.8894147963264989,187.95484614539583,3.1913484493628936,1.0634831554869824,0.8030613816243247,33.37265415139654,273.34437267591153,250.00930030211845,979.0727506672476,15068129.0
1990-02,5.472378649769779,0.9418912859920416,186.68909668770058,18.674416092399785,1.1077109034755837,0.8521679425280624,33.401783532615575,273.24754527612976,250.3004212204744,974.6982787913086,15687335.0
1990-03,5.8150870689259175,1.1535457693933848,205.40754657076178,67.4751670947601,1.2651210258196783,1.0458023031913724,33.39975415555025,273.1257374763246,256.8767828892731,973.7266262679037,15988765.0
1990-04,5.632912162106793,1.5545328120920132,226.48526973669476,155.2454018852073,1.1581334657458002,0.9130343295912751,33.37127380414221,273.1782500459424,263.26646121118625,979.6268697849417,14790684.0
1990-05,5.122868132101627,2.529378115637291,262.1623387875277,225.62091474895786,1.287293362479228,0.7957549450665424,33.33556298302006,273.6431644805436,271.4537188202004,979.620805397831,13360804.0
1990-06,4.5109029672736405,3.9564294005778193,291.530092852566,246.29565601785595,1.4039085691333852,0.30277611248074016,33.2543125359488,274.94461016764586,277.7795976479265,980.8854181684405,11768040.0
1990-07,4.420469687295991,5.113908546577239,310.506088077912,202.75372832730437,1.7761957502855115,0.19243500762882557,33.16005411199786,276.5680075645116,280.2702611000878,981.5510941398338,9684245.0
1990-08,4.6644936972886075,4.675007259089544,304.94329376937935,132.95800991340596,1.8854768856638846,0.2509245042320569,33.11471586593792,277.61763214493334,278.7184299836396,981.286133244011,6872831.0
1990-09,5.15340499625211,3.1902357022239967,277.7181789991676,71.0491869975027,1.7486478094695939,0.6748299723391591,33.127737004385615,276.8814023746202,273.3637378310345,980.8968245410462,6272115.0
1990-10,5.35950297977678,1.9194448421219905,241.48469210908604,24.882927604558805,1.5635254561330827,1.051486265265329,33.18893933862816,275.1497411312428,264.8263277758387,977.4965955764706,9397506.0
1990-11,5.410984266881566,1.1171264161163885,204.7902388598624,5.06030567900527,1.3501371370944677,1.0733412932378767,33.26678693402574,274.09476746328266,255.1180520888452,980.3397121699597,11368959.0
1990-12,5.992882722837702,0.9502663713901136,192.72042653338738,1.1230481109423895,1.434043762316733,1.1507886983973343,33.330251805046366,273.6034782562894,251.57531398217907,976.8152850304361,13359619.0
1991-01,5.68071691941055,0.9111165026059914,190.09412603047733,3.2213551136345733,1.1472179854809361,0.9099963074495581,33.373786969574184,273.3869643213739,251.1611550831518,980.1212934055453,14584139.0
1991-02,5.633795067911627,0.8504895941016891,186.10444117777567,18.43174022903141,0.9973277047668431,0.7966836702848445,33.39299484553297,273.34502555973626,250.6048692320691,982.265739651116,15366355.0
1991-03,5.246761874036046,0.9987743081544557,195.43965343463572,67.10147534338779,0.9798097640230068,0.8017661104217615,33.39181340819038,273.25586724941525,253.8473029582086,983.6128390779018,15599345.0
1991-04,5.292170338125826,1.439956826603156,218.51726030567383,157.2930497009248,1.0242262888682585,0.7830240548943478,33.37074478529042,273.26721318641654,261.33518600549803,982.0192842382828,15029586.0
1991-05,4.72415387944422,2.462157942519543,262.00901126507034,224.01914658689282,1.2529869577064068,0.6976765201880417,33.313204483627025,273.60715629673416,270.74623503653174,982.83626631493,13582530.0
1991-06,4.457619351626532,3.967359332312739,292.37159532587197,244.60482837174453,1.4739372848932861,0.36296627528108083,33.226857302294974,274.7352203737636,277.53500000524076,982.3777869627382,12293986.0
1991-07,4.459117156760137,5.182907534776399,310.1530308043424,211.09001369738436,1.5992489808745283,0.1939880650789705,33.132350233277776,276.56874211634096,280.5584712055307,981.1023855010285,9764685.0
1991-08,4.852353944750076,4.827504651278774,305.82558617253125,136.29593158495422,1.8843245745762836,0.3431698146235339,33.08703453440352,277.62959945558833,278.980126185702,977.8076785709504,7456080.0
1991-09,5.150443372277162,3.4109721179065264,282.1192820688775,70.7762094446475,1.7372360557153492,0.5736908340572722,33.104349158037486,276.708056987763,274.008385138376,980.9917536795961,6589707.0
1991-10,5.5731064916459605,2.0133134432487405,244.75775879409312,24.553935265482085,1.7291074191366604,1.1097025166003298,33.159981537975426,275.19888700792137,265.47839054733134,980.2703451157696,9198908.0
1991-11,5.62290221459345,1.2772147811486876,215.04285371226717,5.341752763635726,1.3792588736787816,1.033788213318027,33.23356338661983,274.1384115656685,257.9502854030117,978.835073585312,11163069.0
1991-12,5.939357330005794,0.9564075615590394,195.2383553546367,1.2119059608573128,1.3247481732332047,1.0373607403441545,33.31299322868644,273.6290944004049,252.74274123108276,973.8214082462222,13208271.0
1992-01,5.765857716543597,0.8974192857028833,188.8327221338008,3.101054520989388,1.2480833066025485,0.9721710396882635,33.35208680889147,273.3558339639909,250.85416030703885,974.5380101482066,14858012.0
1992-02,5.4078085633521145,0.8883732369023172,189.0647070117448,17.636078747124653,1.1885681672365238,0.9450992201440783,33.37164360329851,273.2525342436157,251.18028558471138,977.8589164625321,15620115.0
1992-03,5.331073079775274,1.1009961613166905,199.76077049755068,67.52659998919049,1.064081103099847,0.8616712926293811,33.37237420304381,273.20711645617376,255.3856126556368,979.8159660614798,15619182.0
1992-04,5.025050294588829,1.255882367437139,215.62327438711617,155.55200710659432,0.9049538224368361,0.7135887559909594,33.354006545925444,273.22115389071746,259.9233140458709,987.2690618992547,14799292.0
1992-05,5.030418934152335,2.2681011691280926,253.90667424077785,230.38874882490944,1.2518440275512006,0.8176035806972827,33.316783468858354,273.6021633796597,269.4066569512395,980.2015229954208,13312944.0
1992-06,5.005347210403679,3.5850693679412227,285.4783881514954,245.86357807266143,1.5409216749024381,0.511825046979001,33.23876528834557,274.71225815870287,276.3600351284937,981.5382479388951,12200368.0
1992-07,4.627160701676271,4.668180076306943,303.29817191931386,205.07342737074535,1.6336841947304472,0.2637256695397685,33.162948067825624,276.072847905197,279.3623573586334,980.1531115425942,10700487.0
1992-08,4.718383670873855,4.317294198705656,297.91157955922284,133.6629581387431,1.7848455931079394,0.36791589146716397,33.11897905996238,276.90352974447393,277.83467668762887,979.4084197174886,7955099.0
1992-09,4.965277831267569,3.0385608192134086,273.7701656238909,71.3554840561035,1.5890318588709185,0.7513008945243144,33.13649132759721,276.2831275180507,272.4409587231868,983.734932504661,7592311.0
1992-10,5.3016509482947125,1.7847322290638616,238.60959094320478,25.27751868979358,1.5613991909276286,1.1827120182973574,33.19154401875821,274.86891487422434,264.10901790643305,979.0177563344151,9643995.0
1992-11,5.494865350142683,1.1497688921984852,206.92750037378812,5.064119181632395,1.3561555703189632,1.0591352359772965,33.264892850052654,273.8974950223151,255.6661890169117,978.2643198724792,11913648.0
1992-12,5.895463016701586,0.9551044927767498,193.01709921948878,1.240320209866447,1.3596232635485659,1.067060192314467,33.33451673455173,273.4591133158468,252.17944407667906,974.7689137164268,13534834.0
1993-01,6.000840522267306,0.8573060700267515,186.9749977286741,3.3912537092198467,1.3541430771245706,1.1059698248001724,33.377395097393816,273.2393875256769,250.75530824767213,969.5112817021591,15199107.0
1993-02,5.862569772915103,0.9303752880005737,192.90081536867177,17.258469527101905,1.2387031309384808,1.0502153089322541,33.39905360848798,273.09850866555064,252.1640478808874,978.8017608441286,15854349.0
1993-03,5.620233128933515,1.009677162745868,193.88890081283407,67.93064720502596,1.070554617896386,0.8808234381289438,33.39746682659725,273.0421975864577,254.03020853328147,978.7636911220463,15978996.0
1993-04,5.166064202169761,1.3848043214063175,218.1668278307657,157.9630484144358,0.8704829335606744,0.6717030807259123,33.377189407829626,273.18461267998373,261.32442381529677,984.7515122539268,15297398.0
1993-05,4.933513244794356,2.361098892542338,261.1459209571295,225.27653658828987,1.1042626201425607,0.6730420238628898,33.31586211834829,273.5221530245128,270.3456987532461,987.6420791804853,13599683.0
1993-06,4.353198805405243,3.8429429240144315,290.3416721445199,245.9444720707335,1.3635222685377417,0.3174397700802141,33.252113498286455,274.616084316557,277.5048180650634,983.6737933550395,12065763.0
1993-07,4.544202647544115,5.097348659735654,309.5521401959056,201.93501022224794,1.703776296369807,0.18023772404972938,33.176472431085216,276.3521383700423,280.21494447734034,982.6582158914074,9736968.0
1993-08,4.713246834564571,4.4766654028860895,302.5977224243972,129.497904200454,1.903887497921533,0.352991119811715,33.133954645844454,277.10273972419157,278.1882887208871,982.338494350709,7390006.0
1993-09,4.916803120918621,3.0871866075579675,276.46613808520067,69.57682779849317,1.6943323502982401,0.7274234144940427,33.152445793033614,276.47151476715146,273.05413098059137,981.8688943333435,6543385.0
1993-10,5.430774673563707,1.887982965983997,241.8917997167656,24.839949871003704,1.6502071454356133,1.165079109267263,33.211372029804835,274.92153666849646,264.8802035970632,979.7402832579876,9246508.0
1993-11,5.862267289068105,1.2797135244816027,211.785681934318,4.923548640082377,1.4182590406874707,1.0824626177064596,33.2764579899717,273.9675755228296,256.77443672855657,977.3433725165594,11778670.0
1993-12,5.695913147599385,0.8893472131523222,189.1268824123123,1.2248812577890424,1.11698178650923,0.926396513671149,33.33677859189524,273.49795745273497,251.07353626470714,980.3242184256692,13583796.0
1994-01,5.623675931663026,0.7509664157537748,181.28824317666513,3.156051429211165,1.021174130717474,0.8623248987280975,33.361406654451905,273.27175547218684,249.19266724089218,983.8430870353247,14942655.0
1994-02,5.42208591633895,0.809868503470701,183.9778638347384,19.11018363813402,0.8844622666764729,0.7290714283310216,33.382920069482005,273.1529226770111,250.5320304355886,985.3174030590096,15719615.0
1994-03,5.441846959969901,0.9969333865175033,194.22136540648305,68.87099335572903,1.0499219802004047,0.8584560190801694,33.380690955623066,273.0942641406035,253.94686959909163,978.8855388522236,15709945.0
1994-04,4.881647707681395,1.4671222539103173,220.44522090400784,157.11022299760097,0.9321986943624523,0.6930159823088299,33.361676896669685,273.1522067357327,261.5359526195115,984.6153790678799,15074225.0
1994-05,4.709644779218158,2.3047129549954506,259.0829740265474,225.48028653582662,1.1390877588701454,0.678785166486981,33.30244969130612,273.6048246939364,270.0599262957213,983.1850834655037,13819856.0
1994-06,4.775692941208167,3.8869360463774583,289.4098427582382,245.76492295563418,1.6098962248283208,0.36731108070948587,33.21403656830443,274.5825803623162,277.304674321484,977.4615982144383,12164629.0
1994-07,4.578573392594249,4.941999011087208,307.9254887163544,207.5487259307177,1.6528201055205105,0.24770053995886473,33.135034753139955,276.2122793104957,280.2578638842395,979.4626037354159,10299193.0
1994-08,4.841357788534816,4.548395595659516,302.59954541078827,133.09485505811915,1.9070882121883437,0.3921489414500556,33.079024841231245,277.151244868455,278.43359414427874,977.9231201613742,7697984.0
1994-09,5.199842096408658,3.1565739975150673,275.7437026355692,71.49358775958382,1.770795287884048,0.6929083428452496,33.1034238374144,276.51636421715887,273.1316810946732,979.8598923581238,7243769.0
1994-10,5.478781870332076,2.0051619029175476,244.38552643465354,25.370894110829557,1.6024105602282266,1.044708456523848,33.15174263429832,274.92320985695886,265.6690790316587,977.8133693312768,9529022.0
1994-11,5.545881919033253,1.150702068036221,206.9097835756197,5.179137327845827,1.3653303258384661,1.0583409581251304,33.242158463593235,274.0102006148175,255.9820920276065,975.21459490401,11348541.0
1994-12,5.728305797187813,0.9638856934814147,193.78891206613997,1.2240236879772903,1.2192454677988684,0.9577446756530137,33.32587051931262,273.55966245956694,252.0307842526353,976.7401721454208,13606609.0
1995-01,5.631537368393075,0.9213706391863618,191.4323602811474,3.3331927127357335,1.1509218462117692,0.9362466850807972,33.36007670792299,273.34168124298924,251.76179135367002,979.033276541693,14742123.0
1995-02,5.437274335347119,1.0158314274264801,196.95185939560233,18.187118046360506,1.047714365066822,0.8801541033970138,33.38008204311532,273.2426434059252,253.59317795887827,978.0974650523145,15370741.0
1995-03,5.471835026066902,1.0316492131479704,195.99791131208138,67.3359409554069,1.1173121868710385,0.9242538887354427,33.38999904537912,273.16783122272415,254.20377822051407,982.7405627585138,15435938.0
1995-04,5.22764249747384,1.6414621440071684,231.98809524074747,153.23855686899896,0.9275730460742769,0.7025681710331985,33.37765858141086,273.19315191566295,264.20722041019155,986.7527300019252,14708445.0
1995-05,4.74137183789895,2.4171111044940767,261.4566511514438,223.42784783215367,1.1244216969184457,0.652637898355581,33.316594077363554,273.5976788666187,270.7519107252698,986.288770374572,13218724.0
1995-06,4.61699937103376,3.972097326164466,291.8022897458043,242.9169489231874,1.5783680647840341,0.33426824456197785,33.23908298833077,274.71574919547226,277.6949845790662,981.2339349919796,11661736.0
1995-07,4.510532046188461,4.95462942053269,309.7079704882187,194.63321690804594,1.7499061101920614,0.13723708297794127,33.15361210387758,276.3832301992732,279.68659807512654,980.1122797649057,9226616.0
1995-08,4.655689078109605,4.831925617438239,305.6965823662334,132.7863658984136,1.9838161268969046,0.28258231294709824,33.10914659760817,277.39282917342223,278.92545888187357,978.3034498268825,6749413.0
1995-09,5.141181216219328,3.4579898517732652,282.57090900397156,71.66756593967183,1.792747902454485,0.661362196544691,33.120145006490255,276.92235073636465,274.29059875859025,979.8327996540742,6181161.0
1995-10,5.5272179187097885,2.0075838909304817,244.57436471713623,25.477347803650574,1.6746824733447905,1.0640174791695587,33.16786550436095,275.2529059364438,265.9621993853031,979.1658009269765,8976796.0
1995-11,5.511440720018574,1.2723438227632158,218.1722321248384,5.430318426933097,1.3619700496404255,1.130408789954602,33.23617320583125,274.09403583267647,258.6891005869594,982.0996150520555,11048162.0
1995-12,5.65719461079284,0.8787632164580498,191.43865287960722,1.2402868731515069,1.0579765725016368,0.8950809493022021,33.29875588113019,273.5096593859777,252.24699409377106,982.2092864765189,13085316.0
1996-01,5.596816262150939,0.9668022484853835,193.35150392056923,3.1194193733626383,1.055185481158687,0.8553648977239086,33.33365814664498,273.28103736046245,251.45152138619184,981.6471966884435,14353876.0
1996-02,5.877318459422802,0.8500531010550267,190.69976911933009,18.445402378084122,1.1789488442370275,0.9962512304449053,33.35400467737716,273.1853368392325,252.3133003037042,978.9796339256504,15324546.0
1996-03,5.470068150799246,1.0872382179951905,202.2662685314838,70.06682272422763,0.9416365025341659,0.8216688768516064,33.354762218383705,273.1475798723814,256.35017049072934,986.0638878415042,15253090.0
1996-04,5.037622399936285,1.3711631633489223,222.07890281553077,158.83568993947213,0.8845605350717103,0.6982612182940866,33.33627117838708,273.2484263578026,261.8535833884569,987.8883650606701,14347812.0
1996-05,4.694763578507983,2.216998050663157,255.4156498555801,232.33490650892776,1.1421890402273738,0.7246119707995672,33.287878287489065,273.644356673766,269.8436383894659,985.5376688725178,13138756.0
1996-06,4.5596402489842385,3.69685615449675,287.2884403189859,246.74935347887623,1.5284857426500902,0.41967746900999986,33.22676963482332,274.67805195354424,276.78952607837584,981.4086716463785,12171457.0
1996-07,4.588077201066547,4.900426993077966,306.96941819853345,203.9623873423121,1.8356770048617015,0.27937865162092024,33.14357010054833,276.322704218276,279.8908146540458,979.4695161748283,10459376.0
1996-08,4.714676585533108,4.360573574725326,299.4904270308928,133.15748004311405,1.9497072707016883,0.3732904385385172,33.09467905645724,277.2521376352881,277.7443425648875,979.7203433791827,8285617.0
1996-09,5.012253801442095,3.0722523397854373,276.0827304566276,69.53231788269478,1.6521736236114604,0.7751061163084133,33.11996517993192,276.70547015169876,272.62708066302605,984.3075973857904,7911530.0
1996-10,5.443771757924848,1.9240744313925902,241.81399733270868,25.05433342497146,1.5691696523263863,1.0235658936559588,33.18585715797607,275.1356574431757,264.61862503574974,980.1265152674877,9426298.0
1996-11,5.810865798630391,1.375679152914652,221.28419394145868,5.224622215787422,1.408382110233416,1.1103909564669816,33.25228505055316,274.1354474808881,259.50714784163387,981.5290765796756,10612586.0
1996-12,5.438112460850319,0.9451090781859364,195.75100203558026,1.194434024069316,1.1687644756838258,0.9889244618383245,33.31198558852137,273.5900627945547,252.79880053655376,983.6187642090174,13207313.0
1997-01,5.835908790097927,0.7657637489821602,182.20188491498376,3.2927042267172886,1.0991749742275763,0.9131385200973294,33.34978004373841,273.28749419489327,249.4966162800484,979.3173768208583,14620773.0
1997-02,5.324161423619256,0.8541798595142696,185.68160059779774,18.4583551186538,1.1295011545840399,0.9168745064666615,33.36206894004457,273.1638235372389,250.8856870689519,975.7547622010253,15633564.0
1997-03,5.381175967884583,1.0287630040378015,197.88194303465667,70.15799874202754,1.038849894341439,0.8165419076719592,33.37024168607046,273.0910594815484,255.45877916779176,981.8028431321254,15690392.0
1997-04,5.399772157430146,1.4974191071663256,222.81433167541178,156.5186505979777,1.0988628940727676,0.8729598674619848,33.3553748203451,273.124295545089,262.5412397158152,981.636242936969,14689029.0
1997-05,4.72881907222931,2.284961646144429,259.1779111653297,226.25819502388643,1.1212567694254614,0.613427082782958,33.29708963790776,273.5177770635793,270.309254164035,987.2568920772098,13391653.0
1997-06,4.661428621252666,3.8102593970156393,289.7425613183604,246.7505289607542,1.4092877038396103,0.34678796545412754,33.23498440844722,274.71441389347166,277.19253890213275,982.5729230541184,11985158.0
1997-07,4.356623493491407,5.000955046862546,310.38249455892543,196.0624988306153,1.6816545061456893,0.20675406736553348,33.129982033794825,276.6266263289744,279.82092847461166,981.2491276259684,9658514.0
1997-08,4.927414545099701,4.580750845491484,301.89242642874086,135.11180737026987,1.8997477101784919,0.37120198236069524,33.069336161982534,277.643797348182,278.485488796172,979.7951675826354,7347113.0
1997-09,5.216676760675333,3.4795247232023025,282.0029275692685,68.6865344048584,1.8533223871586524,0.6199058852202521,33.0787933870273,276.954427613144,273.90996837943743,979.0120756149756,6775136.0
1997-10,5.504864779227341,1.986736036923587,247.74831342832553,24.706391399471915,1.647876006140471,1.1255348069150548,33.12690933295301,275.3132754255783,266.0896130884055,981.7515726725027,8804354.0
1997-11,5.428868958199661,1.3044302063123643,215.40097377331398,5.032269479363269,1.26240859633003,0.9884123731684014,33.19602863246869,274.25030319315124,257.9302987743217,978.2616651651055,10944072.0
1997-12,5.482020852528164,0.9424533229057084,192.1574398476271,1.1704175927335358,1.1190230774671548,0.8660605016440508,33.26673332518871,273.7038472962764,251.83526622471283,977.5749677007922,13351908.0
1998-01,5.585005803426047,0.8253627414754097,185.79381423080582,3.2986273862349482,1.002287620248177,0.7968492384686962,33.331375682426966,273.4744360001736,250.28414746876598,985.9396254881083,14940232.0
1998-02,5.498000097704953,0.7262144572770002,177.83989374874858,18.657187953070597,1.0730392642375066,0.875292297720046,33.355769113814944,273.2818156258459,249.04442963890173,978.6220423867233,15897132.0
1998-03,5.522533001126285,0.9891308726155407,196.75134989270452,69.09734878071977,1.059632444471886,0.9008262245847819,33.35295783210823,273.1548081972315,255.11262476597733,982.6231119694064,15775531.0
1998-04,4.839102062027428,1.435264282981271,224.711302069722,155.18897608204193,0.9302006344518995,0.7592745070073881,33.32550431649624,273.20434140042,262.02824488666363,983.0061642136936,14988185.0
1998-05,4.886615847393943,2.320179453162387,257.301391391168,229.15307510008003,1.2187586908806354,0.728234407086219,33.267977846838136,273.60271255985015,269.83944184635106,982.2953834515663,13862312.0
1998-06,4.4285752491609145,3.9665365642031873,293.5837206357697,241.11118515851075,1.506475028732226,0.28405447253907473,33.198371073372634,274.81240019610584,277.65039054408095,985.0964165768544,11948231.0
1998-07,4.354330699163493,5.282777263737125,311.8739813648184,205.41717231221898,1.749245053506802,0.15226645774739686,33.10124383500054,276.6834140891492,280.57082031575396,982.1260705456074,9674306.0
1998-08,4.608907837424324,4.814335006553852,308.0240341197917,127.03220920688636,2.0442666541156584,0.2822448935803383,33.04875694590917,277.4265586875413,278.873467264689,979.2793820918425,7557743.0
1998-09,5.001098034198628,3.3054878226198103,280.9056267570538,68.33283971529019,1.751476721014394,0.6262134789216814,33.06496972530002,276.9326615219457,273.72083404022396,981.0141604648004,6617915.0
1998-10,5.626466763737931,1.8962795063849398,242.01633945803778,25.763983278956115,1.6221857471489487,1.0824387438442193,33.11283464265568,275.3806548302586,264.9246771913461,979.712002583327,8887213.0
1998-11,5.336375400047739,1.2560453892274772,215.36513864946946,5.3543165660400245,1.1883661451473235,0.8457115726268061,33.18209393300889,274.2088794236622,257.5812282391816,985.3879532533745,10789267.0
1998-12,5.605647450426926,1.028080786460896,196.9062953220735,1.2309578484384693,1.2483235702231557,0.9176194874262338,33.26896655124688,273.7027492795536,253.22187514440697,977.2819635022128,13337799.0
1999-01,5.206457506183063,0.7928622071873401,181.49502915501986,3.3644675169416867,0.9294574485139129,0.7415809511496455,33.316996423668996,273.410905745067,249.4130983218687,981.3994250739629,14573454.0
1999-02,5.335435102905022,0.8559416524810313,187.23017889290182,18.383439868171934,1.102019446792698,0.9116338873589215,33.347780994284705,273.23710793678265,250.8171070278129,979.5643577885596,15480723.0
1999-03,4.935256705941041,0.9755229765557032,193.43343190952572,69.66127983908994,0.7941362141013851,0.6235405085263281,33.36072464750586,273.1902032251931,253.82023910322047,987.8597506464316,15521960.0
1999-04,5.009415181152772,1.353603399755197,216.6734169818256,158.4139044832329,0.9830267266055325,0.7616224662606224,33.337144817793735,273.2567551621049,260.8370143909567,984.1366501701042,15244751.0
1999-05,4.678345945796173,2.2167193062776227,256.1696712768846,229.01182870792303,1.157896403293798,0.7109006635017818,33.28851336936694,273.61018196537276,269.6029413636664,984.4962170013544,13920440.0
1999-06,4.601135233648241,3.878301152714339,290.1076300106521,244.97792831568592,1.5765079390778107,0.4407552318436532,33.21996847890304,274.6320649170768,277.08722380330863,979.1407110633833,12189139.0
1999-07,4.577703643905008,4.903926740475807,309.2895727028426,197.45398259237197,1.752411279825878,0.16663487884159514,33.13918191261097,276.3211248730929,279.7129363859742,980.5510544842276,9649862.0
1999-08,4.563293813152197,4.434097973472131,302.8699959854243,131.63881827327316,1.7835102698319256,0.27214986727958057,33.067888440690496,277.31553876305577,278.26354214969484,980.7005359162373,7436390.0
1999-09,5.148569865980068,3.3134084936716652,279.6257316846987,70.51563335716399,1.6830185991700943,0.6585991105138201,33.08147786688951,276.85756324575726,273.82031599430394,979.2090896651898,6292180.0
1999-10,5.345325846382527,1.9534171575208419,243.0095242311474,25.231226481972246,1.5006933889506284,0.9231237644799839,33.14634093224925,275.39256557716595,265.2773753451133,981.1667463810737,9135965.0
1999-11,5.6860664151527285,1.2958276430155908,214.1700143676325,5.25527538450264,1.461181610576013,1.056840376083033,33.222293501964025,274.30877442203376,257.48741850222154,978.577705151356,11028115.0
1999-12,5.44732720965824,0.9796069229011588,196.8557220447061,1.3468238085820898,1.2077815547958763,1.0210321684639576,33.281063051535064,273.6503009643066,253.14234505724252,978.0818201733418,12951470.0
2000-01,5.853332276956214,0.8620153307502024,187.41956552995538,3.1600354072565837,1.2275991378204132,1.0089391078106997,33.33108204828707,273.40249936950806,250.64327512761295,979.981506247284,14535974.0
2000-02,5.486030864592032,0.9758244100459276,193.3556306921543,18.223731242632194,1.0853103561751738,0.8664867283940721,33.35774035656869,273.24431494545405,253.05667299456047,977.2703999329884,15302491.0
2000-03,5.465249083792745,1.0463789275192314,197.95422706028296,70.47841475467528,1.0681834192042805,0.8896668843978718,33.35833778036735,273.1554696790941,255.34872718584774,982.023910546393,15382748.0
2000-04,5.053780850610322,1.4527156724372006,223.96654222992487,157.8698902497028,1.0311614692551336,0.8095656433724486,33.33755414715245,273.2258729364934,262.44571133177766,984.3061242422264,14751192.0
2000-05,4.66419538607604,2.2828113792981664,256.36106453738694,231.3170289140628,1.1075647590417268,0.6587160584056208,33.29246780172126,273.66400273600937,269.81902435594304,982.1502979206326,13258767.0
2000-06,4.7329037715018405,3.8800080933539154,287.77613460163064,251.42435672529172,1.5696504041256003,0.34814258752323113,33.22838612468694,274.74270027216244,277.3348506358365,980.1109696027129,11797237.0
2000-07,4.497456934520914,4.936156085423269,308.4307823106349,203.20701645364616,1.6996382128042302,0.2461171244533961,33.141647936097826,276.4614108271257,279.93741194133185,982.0363244098858,9809609.0
2000-08,4.60932292048084,4.531742560487532,302.27180225689557,132.15440055140536,1.9746966802973545,0.3368190433847116,33.10786425299031,277.51159174634836,278.4246725747945,981.5377698667172,7272316.0
2000-09,5.090399739775535,3.187947603561253,277.7209907709835,69.59792266531753,1.8744308068070434,0.7616360574376577,33.136308780544034,276.88268882402,273.3170564509192,978.1412407467025,6361242.0
2000-10,5.375376505429567,2.0929399233070605,246.58368569323164,24.69866250748386,1.5282499074198757,0.9818712075861048,33.19548859870928,275.40981106566136,265.6050366086862,979.5085704945362,8945551.0
2000-11,5.412997010713636,1.3313870456453618,213.99801657205686,4.782988807353983,1.2158699028200808,0.8930227309902332,33.25453610218048,274.4041063992503,257.5962995649404,984.2428919135618,10576434.0
2000-12,5.507008916505049,0.991498185392325,194.81697771342334,1.081732246732266,1.0025791700585256,0.791920589071718,33.322960069210595,273.890938042018,252.67387660800682,986.2539025484714,12886842.0
2001-01,5.519529323620145,0.9278008157667953,189.19058246420548,3.1213457079563307,1.0450722634916674,0.8336123699633982,33.3518028409195,273.55419514182313,250.9468159865597,980.5742852633289,14420073.0
2001-02,5.566614470055161,0.8293919977973508,186.9759429733794,18.919368207762638,1.0467523860632841,0.9011570004445982,33.38015150977184,273.3011157456664,251.43927631541843,983.4284123826393,15417612.0
2001-03,5.108878302232407,0.884983988550215,190.93608051422495,71.77365895403054,0.8136953928523786,0.710319059144751,33.38475948629831,273.24122780712895,253.62982562244022,986.7741622206989,15723336.0
2001-04,5.024033512857738,1.3740911171570545,216.82570438181617,159.23570373561972,1.022023767689846,0.7830680000695203,33.37149401475696,273.2977970797553,260.78420697402095,981.4757887353143,14973707.0
2001-05,4.819537293215778,2.3249450005387122,258.2849088701875,226.76903770735825,1.307806498487606,0.7402745743603533,33.3234872683004,273.75078335933205,269.9051819123373,982.7746541576281,13778176.0
2001-06,4.617957875439502,3.832891498499887,288.3867050952174,252.10575591566595,1.4132481005549409,0.3769778751348855,33.26792813334567,274.87511211792196,277.47978493914326,982.499192231958,11753749.0
2001-07,4.506076651992452,5.093405762661602,309.62506609026326,204.6445503880141,1.7953532569551647,0.20670705258413005,33.18539595394029,276.7086185548575,280.45798505387626,980.6076424411654,9284882.0
2001-08,4.634739292702951,4.6979245543836345,304.898453074279,131.51115664671707,1.9232457563863634,0.29172562427485493,33.138770080056936,277.55767771556026,278.7330221262321,979.4017037939199,7529955.0
2001-09,4.825133644931977,3.451706047299402,281.96674513671775,69.77230393275356,1.6588159654902241,0.6359507875879741,33.159186566910876,277.20807833159137,274.1310662517693,981.067430704628,6777849.0
2001-10,5.246075868991281,2.0243390297456347,245.83412399501267,24.825340317216387,1.4875415962183172,0.9458473802497458,33.21877403696271,275.62805870531366,265.57509778655924,979.2558224764318,8601947.0
2001-11,5.948532944335003,1.295038969776128,217.93124794351897,5.356684505935415,1.5548254658209903,1.224072750573456,33.27688366923272,274.2815561388494,258.65286383541854,976.1766452018597,10942561.0
2001-12,5.578349745346843,1.0785361896333878,204.1955082184879,1.294274634502227,1.1678131159580685,0.9412076018191597,33.335487963464885,273.7179481927191,254.90714656785516,982.4059456085822,12917951.0
2002-01,5.5229952520950585,0.8815011856918326,187.50622978191475,3.254345114319025,1.2047251206998921,0.9338645896906883,33.36689041527119,273.46470452644024,250.78224418074953,975.9752447286577,14568011.0
2002-02,5.595976988997408,0.7991521322023056,181.37947456089086,18.698511591291492,1.0861737962043185,0.9213807076769793,33.38885271432982,273.271795544676,249.66438072555778,978.354848414731,15465497.0
2002-03,5.265021023790517,1.0815560737451408,202.37315633240306,68.94290043187651,0.9903633600841505,0.8195357784613291,33.39604037143952,273.18336438343033,256.32815523017433,981.2216967399339,15536855.0
2002-04,5.27949823576812,1.3974818823080064,217.39042745478292,157.9023541124164,1.0121321033907407,0.7656104454558442,33.37815796250948,273.37158028339275,261.0282802859065,984.6228939636113,14455330.0
2002-05,4.86937620691356,2.363662475963923,257.91045062162283,230.61865586818928,1.178076549403672,0.6778475272158562,33.339115071528575,273.82347584277204,270.30177197712015,983.7615504975104,13175821.0
2002-06,4.430008408815807,4.036483380409562,291.6435137610611,251.3266022012065,1.4276415876902209,0.32759190095384383,33.27505170259928,275.156058172872,278.02221413103337,980.0460131995748,11774150.0
2002-07,4.5672744392263604,5.035134830721185,308.63325761314337,204.01130468342998,1.8663751447673016,0.23747927932257595,33.18752254656466,276.7178476345333,280.176583663111,979.3919903014872,9579813.0
2002-08,4.552727571086765,4.723228226871092,305.97763237089504,131.77390234579067,1.8738182888897552,0.25341781971874294,33.131320860564045,277.82689435915154,278.7809457720078,981.5291956155569,6568202.0
2002-09,5.126498776822535,3.311047414751678,279.70781995722297,69.04347357145981,1.9232856876777145,0.7294440868059276,33.15453042972684,277.2259359258369,274.0079074779379,978.560009066957,5981516.0
2002-10,5.479130203114809,2.0529290086137952,249.9526065494745,25.583256948787245,1.4143901054434544,0.9730215658594504,33.21158859102923,275.59655448160845,266.9495727973055,984.2053502513338,8825055.0
2002-11,5.326925882775948,1.3634960231681517,219.35065420410473,5.121646094692098,1.149415661080759,0.8581162172516144,33.27592098574268,274.49586574908994,258.8350893288879,982.5043757283809,10802291.0
2002-12,5.609140326596892,1.0739962406255643,201.71759688589665,1.1675276858907613,1.1374906083135643,0.8784691962819863,33.32734881377723,273.9903740039525,254.22056140271332,981.0489061510108,12894841.0
2003-01,5.659979971861165,0.837067788282974,189.15454574512466,3.224973741923308,1.121165010451646,0.9055029374849425,33.36933156191412,273.67379973408663,251.71390738583327,978.8311963187764,14587970.0
2003-02,5.46315790937459,0.9094546902060066,186.11545881145756,18.21634537129714,1.051304704811304,0.7879604548392866,33.37960562736796,273.4361676773809,250.89035569087568,981.165862450782,15352767.0
2003-03,5.4921101157734835,1.067201557503448,196.95958590253736,68.49640084746501,1.0952363243521974,0.8499374538076563,33.39028916561493,273.4079323419129,255.2205828275476,979.9529292918128,15614924.0
2003-04,5.207538168651668,1.5058563913255418,224.7979340540385,153.99258033351802,1.0175078298695754,0.8079673509148724,33.37509288048022,273.54219456711417,262.3365896913757,983.6025763434244,14680578.0
2003-05,4.968331583170398,2.388303309529363,258.95918244407784,229.4452442775679,1.2583653155296786,0.7038060312885572,33.334700016427945,273.97159379445736,270.77193487769864,982.0327002508009,13085408.0
2003-06,4.438817261015838,3.863034748664288,290.6513279353696,244.03002072605108,1.4667802488923967,0.35798598349917204,33.26950192346123,275.20349005056715,277.2734610134676,981.3686077230144,11852723.0
2003-07,4.524144015578894,5.1142263792262534,309.3260081449436,209.73146133615282,1.7000568488144487,0.23727378978372382,33.194605482374875,277.2489200769261,280.5229679169174,980.9056958816208,9527327.0
2003-08,4.612665744208399,4.902868745948124,307.5521264053809,134.6129644651803,1.9633230500510441,0.31429091489333966,33.1341614577807,278.3462983036023,279.28883930189613,981.9112952167418,6934298.0
2003-09,5.1504813858963505,3.5540320345927916,283.9942520004052,71.50859096941953,1.8663135149338943,0.6404775379012332,33.13906942461634,277.505992102124,274.8060885959703,979.110873823634,6184659.0
2003-10,5.3402754987351475,2.2692594147810685,253.7835468825093,24.98683746162767,1.5975470626802262,0.9711589109741926,33.19451520596735,275.6999952120648,267.63635871470603,981.1720660994118,8671509.0
2003-11,5.281472677483493,1.4311128217841376,220.1446420438123,4.887718826257082,1.411160343613417,1.016304545443174,33.26714871273112,274.63025888271295,258.6126419852254,980.3963141806192,10317863.0
2003-12,5.942518530927028,1.018361998396087,200.8184313208034,1.1845786785693584,1.4136142423811526,1.1399921999037301,33.32713367116572,273.96465304446724,254.3435835313217,974.8176278724286,12888731.0
2004-01,5.440803437640313,0.8626212454191466,189.04789953154483,3.238797534527693,0.985072049243617,0.7792713781127715,33.36253211680104,273.681538352926,250.9833463637939,985.4363347718202,14145035.0
2004-02,5.372126394620993,0.8355981445517855,185.25530391521045,18.159052299686994,1.0243652817597098,0.8357985187464345,33.37894215977198,273.45837814838654,250.53122964127172,983.9055314896995,15044432.0
2004-03,5.302091485329265,1.0251435448083333,194.4123793356635,70.06505749749923,1.0081592354474407,0.8093673629638688,33.383306389339516,273.4050446348907,253.99055929003032,983.9665780129843,15151214.0
2004-04,5.083491630680399,1.4844538207169398,223.6097422259076,156.59270450554797,0.9343021673490353,0.7005110786685496,33.36784656144231,273.5333079910129,261.79874827929575,985.1315671230784,14204414.0
2004-05,4.639705659085412,2.379488058204488,260.45574719196145,226.0639268639869,1.1420871619933077,0.5939297382337733,33.31948625540744,273.98147131420217,270.2416983970219,985.5015563253083,12642298.0
2004-06,4.3857799668227715,3.8548233916862524,290.62319773973934,246.258671484164,1.410474516040133,0.3352515464453116,33.24009706867244,275.13397718215793,277.31619814075316,983.6713867078594,11581625.0
2004-07,4.25348076537359,5.055210307132793,309.56751843775373,203.0920518027085,1.6821441694436092,0.21602442571799974,33.14564480816469,277.0171088098409,280.1687527645899,980.7390906211957,9651145.0
2004-08,4.565086857923523,4.674447214753206,305.9265126680071,132.26086859883856,1.7570073055660294,0.27131853428537517,33.08265734403734,278.21236979158977,278.855097131654,981.9289348080232,6867679.0
2004-09,5.131576504038539,3.3450687052497843,280.41431616988905,68.2839020047906,1.9437011830960627,0.622400483835402,33.11828322814742,277.3854386046321,273.8650911359722,978.8385238017374,6081899.0
2004-10,5.421605366201982,2.0685680906236237,247.90742959633627,24.044406800128712,1.583080792821868,1.047747741737031,33.1768755265126,275.7217007874842,266.3092816296987,979.6827041295043,8504884.0
2004-11,5.672266003739918,1.321720669487661,216.33261224757547,4.958626883103522,1.5141881960328043,1.1410083410840435,33.2457609090036,274.4776238864235,258.17823077092726,976.5141655451345,10658959.0
2004-12,5.867602751402736,0.9756951563664483,193.75664858703442,1.1454865638549336,1.3514786372065566,1.02826283475488,33.305207390227444,273.98095653414106,251.97813142231155,978.6302222759722,12797208.0
2005-01,5.742618874341628,1.0413344807719076,200.08495187915437,3.2421192360100703,1.2772061142768287,1.0044850505355358,33.35037821672326,273.67723277306686,253.38606548508687,980.1392280075335,13805291.0
2005-02,5.6279233397411295,0.9721346396095967,195.99193308790524,18.916930240970697,1.0608247254761909,0.854061402989528,33.36570723607064,273.46218174597,253.13517081766003,985.6210723920357,14502784.0
2005-03,5.335031068286355,1.0553437800798022,200.67842515172129,69.34086666120075,1.0017094265105055,0.8385497677034128,33.356550838726534,273.3898488313162,255.77489236209595,984.4287024232465,14849592.0
2005-04,5.256392715372168,1.500153743358878,224.61236894703427,157.55716545121467,1.0518451789855592,0.7938408801186063,33.33942410545672,273.4743444524346,262.341534439521,984.6518285166549,14179071.0
2005-05,4.918758218138405,2.4687156213120267,261.9961889732181,229.98116735785888,1.15874145980492,0.588993557138604,33.29109071072116,273.818897295311,271.414785119141,986.4327537927445,13065544.0
2005-06,4.406151255218936,3.9868284743001103,295.04525774903715,240.62410584688905,1.352569481466062,0.22495164271510956,33.22085762774885,275.03415066935975,277.9211186530655,982.3373691721423,11384970.0
2005-07,4.435861083736463,5.101134117732048,311.5894771362897,199.72105582053024,1.8608834680634905,0.20486098912001238,33.12583961453802,276.9672620665425,280.28113098179705,980.3002588697944,8990790.0
2005-08,4.59032475868164,4.756010022826025,306.32796672763345,128.63490820724445,1.9060751911252771,0.21987489676168623,33.06208572133224,277.94747291301064,278.78237269895544,980.1327333794403,6326816.0
2005-09,5.432992284027504,3.449600913260917,280.10074670913144,69.17177885776604,2.008676641213154,0.6052694983705235,33.08404766380821,277.24003849315733,274.18987822508194,978.4646935873687,5593692.0
2005-10,5.582635727608765,2.247576631816853,252.03569041105627,24.421183521969528,1.6767492131677846,1.0156083774301192,33.14845957125645,275.5629503248494,267.4643777101857,977.983840294094,8486385.0
2005-11,5.4846421437301,1.4909712373879904,225.16305878222522,5.056455622426383,1.4637323770030255,1.0472800559595778,33.207122929543196,274.44734371774877,259.81904342247066,981.5033595784321,10509688.0
2005-12,5.402668218882565,1.1160523849531199,204.89160712566851,1.1718786012533913,1.133819567098044,0.8815679404101416,33.272052779765744,273.883972800236,255.0343230149266,984.850596552458,12553241.0
2006-01,5.573562619927243,0.9712570995169243,192.90611436244555,3.4702523685087625,1.1648644362451552,0.8361402209899097,33.297055627751654,273.6054713125103,251.4166604322566,981.6947134009081,13724887.0
2006-02,5.652148669156993,0.985769812538513,196.1955300663331,18.13710682092412,1.1068803196741046,0.9060327757064053,33.32427131655731,273.4940164421903,253.17122235580135,981.8413796004266,14541957.0
2006-03,5.233853131476399,0.9587007456474218,196.7867552598192,70.08712750685697,0.9081495574637196,0.7800895563840595,33.33609057831415,273.3823560354958,255.00084318404635,987.3681921003422,14542387.0
2006-04,5.117068568572488,1.410559557006486,221.13821810154704,158.12343365224893,1.0372901356847695,0.7669000720870517,33.3079131511515,273.42271792339864,261.218424128966,985.1067970243886,14066142.0
2006-05,4.798279285601324,2.4907637866964913,262.22982384133866,228.81645972986973,1.1371949325612034,0.640111978262103,33.26261580945973,273.8779464492686,271.3714652397617,984.274706509086,12679492.0
2006-06,4.665252259494304,4.051326249646839,293.4960198965415,239.1147200750458,1.6593632678855101,0.38936943938599666,33.17877370838764,274.97873229748893,277.91466885161185,979.2234266575439,11132544.0
2006-07,4.492034288655868,5.022730642636382,311.24766757755725,197.45894952159523,1.7767074586532572,0.17619647459910867,33.08314520354614,276.9033454182756,280.12205112629255,980.1717431695159,8735814.0
2006-08,4.344476774055715,4.7374445005178,306.3072455933294,130.70449702386023,1.7544129005235458,0.28866202219124637,33.028562138440435,278.07612817996534,278.8888658190768,981.2073398563884,6561046.0
2006-09,5.286848157393279,3.6681308279683154,284.820862826151,67.89537627675352,1.9562722978629274,0.6249904733749224,33.05650083603599,277.4712367872975,275.0244185001782,977.433496381699,5949744.0
2006-10,5.3833756497671645,2.1080338184482015,249.6380051877326,24.18454074685348,1.6205242291669333,1.022285660137555,33.11637200068104,275.90879063658184,267.190266730097,981.7773864484034,8359121.0
2006-11,5.600896402706225,1.366213532768307,220.7428310920605,5.126788764740943,1.4919411520816162,1.0685648961492806,33.188815331122676,274.5626260169575,258.8576004725352,982.2751522471497,9878031.0
2006-12,5.668789586910301,1.2029460947654664,206.25895652890964,1.199512180800186,1.3807301187262249,1.0009544871314184,33.2704452067867,274.0401401872475,255.2986352455539,971.8264204698332,12334078.0
2007-01,5.576709655188762,1.0125383368304075,197.38589501015673,3.1023026005751606,1.3083214524496491,1.0675559538086938,33.325450572698145,273.6854016740766,253.25527088949747,974.9113908083568,13891515.0
2007-02,5.350184088866505,0.8530705100533378,188.36741875445432,18.83425726809615,0.8416184214182334,0.6659922734237612,33.34873113899752,273.48563048632644,251.84149184886155,984.5093202942218,14648254.0
2007-03,5.4999589200101555,1.1085565499983097,199.92260539636044,68.13583554253944,1.0793682144013603,0.8295195638919345,33.36195735075577,273.39419379282594,255.30164298234902,981.8053883553814,14756338.0
2007-04,5.517267704338134,1.689131960536273,233.83691012593812,150.55131053508268,1.1509326642596027,0.8358722895667181,33.33925407175926,273.4555480285271,264.6246537672133,981.0006217455631,13968973.0
2007-05,4.6312506987388025,2.2863419679753263,256.14852772912684,229.45852962017693,1.146494831703243,0.5821736412271838,33.284182752981,273.91309337801425,270.18526999894436,981.9817213674214,12956236.0
2007-06,4.555501108398145,3.967563239590434,294.13773092469546,241.3555653931906,1.4345401591068876,0.33964607926683116,33.21601364628567,275.16200326317454,277.7900024226319,982.7023247499804,11588930.0
2007-07,4.286570385600035,5.278419274303221,312.5568427077265,203.89672638183572,1.7133395806491736,0.1303821116151209,33.133049610974496,277.35037700257897,280.7120844470091,980.4412229565884,8187444.0
2007-08,4.532013446890009,4.9579104489630135,308.50332931774363,131.03602703117951,1.96806526175887,0.18998895014054576,33.06494787523412,278.4513672358534,279.394738778791,979.9599709235558,5405329.0
2007-09,5.209011305173192,3.450027064144895,281.8838631616058,69.66424309623154,2.0600315635109854,0.5652525249817831,33.07812822798929,277.89848435320243,274.6569225300276,979.4762960484394,4324232.0
2007-10,5.7403613136216896,2.3044749946089205,254.55120075703005,24.90670608000394,1.7928465198076082,1.0732113428699446,33.142351365171415,275.8889857095075,268.23147250385074,978.2886211027575,6799766.0
2007-11,5.738759046473756,1.3492094516509083,219.775416927206,5.0525940494163795,1.546495368617169,1.1808641313281425,33.20651353826805,274.4975793227407,259.1986303415813,980.2963920426405,10082302.0
2007-12,5.73702959483452,1.1492103910102347,205.98300205193175,1.2105130168465184,1.3721608840510742,1.009767407826178,33.285559166565136,273.95046638303194,255.30510654769145,978.1303112993166,12448216.0
2008-01,5.691847013194423,0.9236269480462933,192.5312473053672,3.090659565608866,1.1914236286747657,0.969270190346724,33.34169184293649,273.6517805760118,251.9081929480752,979.0206726669928,14140570.0
2008-02,5.633853365800309,0.9143645958475354,190.62024622840858,18.944010019224713,1.1498013022855158,0.9313564261115064,33.37450922354287,273.44762359815905,252.33705468994557,978.0642936580655,15092274.0
2008-03,5.271062666996609,1.003534154982718,197.78861544437368,70.95283228595468,1.0078464772801488,0.8504489131724452,33.37806486156401,273.35525031022684,255.24273362509828,981.6376765068675,15327558.0
2008-04,5.218028890908297,1.3923451615991027,223.62661392794902,156.54877945247824,1.0190329938031728,0.8362777126300232,33.3586602036273,273.3844667556335,261.9693263581436,985.7725338486096,14485645.0
2008-05,4.6224543582032505,2.4156135671889603,261.6380881131268,229.7871957758192,1.0184320313190882,0.585572589146147,33.310431102539376,273.90835879645454,271.1893292334357,987.423899807365,13227604.0
2008-06,4.700455229140473,3.873887220872004,289.85405532681557,245.53056669347225,1.6046760105555757,0.39530451307406567,33.22184732472817,275.25999090664646,277.49643540675135,982.0148424766868,11410751.0
2008-07,4.5621887821743785,4.957210957755394,309.068610579929,201.82161298113277,1.8062960001272603,0.1946806483083998,33.140822774897714,277.30159700403,280.1161541547149,980.8992651733571,9008575.0
2008-08,4.633792025064439,4.787492736375579,306.3838029773122,130.55054183739898,1.9216634077051666,0.2573328235154869,33.092889901712596,278.5276326009662,279.0171224655931,979.5020405740223,6068790.0
2008-09,5.049474064866236,3.416673546795594,282.69796944204893,67.4262210382196,1.715266458143588,0.6093697518905892,33.110544375661,277.65351768863906,274.4977474109418,981.0636040646634,4736942.0
2008-10,5.712802139857227,2.1437651975445595,247.95644678062283,25.148158978943837,1.84416106681243,1.1089008544979981,33.17602933913112,275.6809137022792,267.24565696704985,976.140192978658,8439029.0
2008-11,5.45817002758448,1.3516639238871575,219.79672828733723,4.946066363467689,1.379869037227667,1.0731380114964464,33.23468096388557,274.4007602336876,258.89942676371516,980.1125640801415,10644064.0
2008-12,5.69336681758895,1.090547700165629,203.37183425179597,1.171932688191833,1.3669487857569782,1.068208242854637,33.297872283118515,273.8797449760053,254.51506984312593,979.7665979636122,12568539.0
2009-01,5.823612516336974,0.964216049094829,195.29373811239938,3.3251352429498717,1.1430578549806196,0.882076122462956,33.3469140438726,273.6245182145716,253.08899056538522,978.9087869199997,14189868.0
2009-02,5.2519675570140345,0.8111547954129804,187.25216153958195,18.20684162570736,1.0472562553746863,0.8733683963714444,33.37389924559389,273.4160043104716,250.7390328054771,985.0251726037097,14926167.0
2009-03,5.13976441307202,0.9544081136335341,195.8736717705911,69.27267290943692,0.9714226166743527,0.7756828746202709,33.38859403594713,273.36923730116763,254.28596454594796,985.2501609661359,15207009.0
2009-04,5.268630463316732,1.4391649195157294,222.36947161485568,156.33797417071798,1.1068656082978305,0.8532802929878641,33.37304463263876,273.4309435634771,262.0225152992442,982.54003368187,14639814.0
2009-05,4.86058693489951,2.3091168652086282,257.6125691611692,231.17748530903094,1.1285528104548261,0.6465903286914968,33.329976191322,273.8346129782164,270.3644664923371,982.0701670347797,13427909.0
2009-06,4.465194096248264,3.794305869137633,291.33109491852434,243.16862623723833,1.3642408146101843,0.3248680556317195,33.24848930377786,275.12400565542134,277.41716646792725,984.2979289912491,11510998.0
2009-07,4.515461386300979,4.916220052487498,308.71085382330347,204.32967175609315,1.561675335068176,0.14412183906687445,33.16971935961079,277.20018952157466,280.2141492247804,984.7392406816537,8836383.0
2009-08,4.567850964097505,4.669131207139763,303.83849770334064,134.16230956314226,1.8446987844986282,0.26468064604742314,33.1083323497212,278.5910159072935,278.9697028935355,981.2001856332206,6287725.0
2009-09,5.218736649845798,3.6096286208290786,283.341814566861,70.52788188768912,1.8720388347487547,0.5648027398602912,33.14816459404165,277.5486785425059,274.7994228951296,977.5069396268173,5388226.0
2009-10,5.389448133485211,2.152224725102917,250.47658505303627,24.732065987243285,1.504095987529836,0.9111259214025302,33.18437423303905,275.6434510376094,267.3807701197575,983.7999741576931,7549044.0
2009-11,5.470836995913062,1.3795130269471916,218.41762575257738,5.065664514604182,1.227483791013199,0.9041376342304379,33.26727880343051,274.53966053676294,258.4916334158395,978.6659408997401,10264770.0
2009-12,5.631330487272806,1.0434915510447649,201.43641712213253,1.1567119877282683,1.1717039480712212,0.942088927364723,33.334059812429594,274.02524494696996,254.24619465011148,988.057563406878,12564894.0
2010-01,5.898730373552857,0.8902786849286647,192.2590325232486,3.3914487104656046,1.0912118787347225,0.866103399510531,33.36772440239043,273.7166376347134,251.98103643990544,984.7298144183142,13905174.0
2010-02,5.2656389971750075,0.8656329571588802,190.525782526035,19.165728037860767,0.8189814131882927,0.6941740834303848,33.37958363228926,273.5616947027191,252.23323361828855,990.7404739886103,14699490.0
2010-03,5.272325804542238,1.0236917638306686,200.51045591211678,69.81292580935721,0.9525745274814515,0.7824557171992373,33.38738384328704,273.43683010609317,255.73473915675228,981.7984187947463,15191245.0
2010-04,5.171682651876808,1.5856145456104966,230.04235466062224,154.71433088849128,1.029799757650933,0.7510822503796839,33.366874492582944,273.47924921453074,263.72326709538135,984.5978060706153,14763368.0
2010-05,4.678608832874371,2.5423930660910177,266.08925249999095,224.94950059566563,1.0549160081474056,0.5515038302432277,33.31563065042451,273.8964590163039,272.05717947966446,988.305656927073,13168434.0
2010-06,4.57930208298912,3.9322681227822303,294.93684996777387,233.89320414926323,1.5917630107369465,0.2857565101400708,33.23190275105614,275.2647268686771,277.71043207601883,980.9956355629296,10859325.0
2010-07,4.540323160373732,5.20561486092966,312.14119595351633,203.79574299277897,1.793155973380554,0.18618790863436796,33.131301246727865,277.4402668972959,280.78514118891997,979.5960713911161,8381012.0
2010-08,4.65671450926019,4.863319528505822,308.92192164045207,128.88805076215178,1.9838707590398192,0.24290392425725651,33.066181606293895,278.70585755148943,279.34545571561216,980.5488820983077,6034017.0
2010-09,5.02957673946349,3.5005423315053994,284.02853812585926,67.16070973819639,1.7550666798798917,0.5731323458339921,33.08834327873663,278.0712015985234,274.86003223788003,982.0862849590652,4932518.0
2010-10,5.476246506570082,2.260748829339721,253.3517207114075,24.73827661864018,1.588682551820946,0.9382278394211095,33.15564547127405,276.16881769921434,267.85023486040194,979.7989284704023,7728827.0
2010-11,5.493175713233289,1.410907418805832,222.32689364793137,5.365137888202736,1.4345857359995582,1.1150749245703515,33.217653224293834,274.65169066095234,259.83644623733073,980.1481175050964,9889364.0
2010-12,5.540632002640422,0.9817068505607587,200.3910605064232,1.2456721320517408,1.1727755671747422,0.9965463958081202,33.288570959253654,273.95587138055214,253.86968803394376,988.1096542595953,12074823.0
2011-01,5.690564075544348,0.9764400667584879,198.63610661315755,3.1773868397687273,1.1434177650815187,0.9425887075622846,33.323874709087924,273.64727339094424,253.3595189327054,984.694597743187,13687408.0
2011-02,5.736220080990698,0.8813568417345028,190.0315298019532,18.258384418299617,1.1946061113206206,0.9526318989337682,33.35393353220249,273.48872285541614,251.83501597907212,977.9638253813594,14485507.0
2011-03,5.762618942959703,1.1307659656443831,205.79772464410252,69.2065255310031,1.130053458631093,0.9396432147609924,33.37602484026732,273.3420994545674,257.4921247880446,977.17157267843,14667862.0
2011-04,5.177911513369336,1.6351256199392956,227.46978401883288,152.51984766758122,1.1347184516033624,0.7841274042020061,33.35672596253632,273.41443485608323,263.02410811959186,977.188300466176,14220151.0
2011-05,4.771756432687488,2.401321665917702,258.9792481425753,232.36295242655763,1.0708514540413074,0.5917336027340867,33.30514434192059,273.9128324497959,271.10988810477824,985.5946160586498,12879445.0
2011-06,4.73205278973605,3.982745367085879,294.10140200665325,241.72932573837232,1.4257257225153834,0.27823310266233364,33.22557579660258,275.05693179306564,277.85680907937433,983.4098575409804,11040404.0
2011-07,4.502530910546864,5.092944255086978,311.8408403058536,200.79921654558652,1.7325958693307766,0.1297776166778094,33.124097488791364,277.27534863034765,280.5852679274787,980.9062254464272,7938013.0
2011-08,4.521765060712119,4.738437376184919,306.86926303616787,130.83680597905135,1.8730457492105383,0.18354925303372668,33.0555858073284,278.54511065855564,279.05198013937303,982.1972936736956,5566580.0
2011-09,4.969634042729362,3.6302698318304034,285.08815279287853,67.92324871103763,1.8082421858005906,0.5283989277466665,33.09031349430441,277.91296570462896,274.899596646473,977.8120857144366,4631846.0
2011-10,5.535545600865129,2.3103683028255366,252.42883407746456,25.025588232603898,1.8208618429203767,0.9940188857701073,33.147206569225524,275.94381630356156,267.7658698826684,976.8282753080204,7172775.0
2011-11,5.653294359868648,1.4237104478980578,219.76090589005258,5.174421937500005,1.550343671268702,1.1028327741975998,33.214986966154925,274.58306915055175,258.79008645383306,976.7221006490703,10034601.0
2011-12,5.798917673607344,1.1449722748196383,205.0361965494492,1.20120468057093,1.381095342715039,1.1003256807335549,33.284699256610814,273.8983651509772,255.22413862939928,974.8394032893847,12466197.0
2012-01,5.522866949442383,0.973906900563084,196.27360098364176,3.4532156606630195,1.1250547402573714,0.8641724896961811,33.33276811712686,273.600563597531,252.63311492270583,983.6020964067585,13860823.0
2012-02,5.663662371852856,1.0228490424013794,198.5772898690329,18.380564292382722,1.1447817916760472,0.8885729924076687,33.35926385454571,273.4160296251003,253.9844663044708,981.2409551589718,14697697.0
2012-03,5.393461788842119,1.0436049416949325,198.34028119851686,70.5298720347543,1.0364384626565903,0.7946519839879079,33.37184417379297,273.3409450733074,254.83252016862983,982.1478035408667,15313867.0
2012-04,4.899873518702236,1.5148582478024895,228.05314516306677,155.81250060605186,1.017403323119311,0.7787652174829025,33.350043379656086,273.4226716967983,263.0450865707055,984.4375316337613,14783173.0
2012-05,4.919747654091662,2.4718777777757093,263.1860448196677,227.8105365085564,1.2101374667624658,0.6551095543739492,33.28675577442004,273.8425002617378,271.36415523307795,983.7670869586861,13161140.0
2012-06,4.588682856628594,4.2048573312753,298.37947807123004,238.69561810248297,1.4879406711173744,0.28829227249907513,33.217391976266406,275.42010522184404,278.65307009137643,982.7948447784881,10965768.0
2012-07,4.442884618270368,5.230059359964347,313.6604021552382,197.11380039443165,1.8317194539536357,0.14320530339620172,33.11904290140026,277.75827303351485,280.90393621354593,980.0084593589805,7955719.0
2012-08,4.704143132352837,4.7430849151569445,307.14612793537106,125.94213732806475,1.9725124325170644,0.2465041837032229,33.05445663910621,278.59994127277804,279.05003552960096,979.3767739536097,4712820.0
2012-09,5.162643134574858,3.5727974573418653,284.6606857864746,68.41544000997541,1.9310065033272028,0.5224519458613865,33.076091485886394,277.8188733844789,275.26017993195217,978.4634900741635,3629315.0
2012-10,5.279672422576698,2.1773149289275437,250.78740327161117,24.379378435911875,1.5531886814333333,0.9579369150832798,33.141017221149475,276.04016346317815,267.8876836469853,984.9543265451133,7086881.0
2012-11,5.55646326217413,1.3823158368495059,221.9524257072366,4.927532600617294,1.4203027582977816,1.0264728359872686,33.21578189178047,274.58622699636015,259.5164655453892,982.2993147718157,9938665.0
2012-12,5.510863834168687,0.9515629693391618,198.9011166581761,1.2228788296696687,1.0880608729301773,0.8712378099567217,33.29040403082999,274.0158542716046,253.81416104300106,986.1469038831307,12261353.0
2013-01,5.638833227853121,0.9237287826285163,192.89717326731093,3.305787987150122,1.0817567910414823,0.8366496885190774,33.33762472738761,273.626813987478,252.0505074966375,983.0329897353919,13913058.0
2013-02,5.027226115922413,0.9276168675495732,189.34969026493587,18.364197382736403,0.9637805225227213,0.7411730955036389,33.36163550907972,273.3755557073153,250.9611497966361,984.3585733331169,14813126.0
2013-03,5.281935135492657,0.8549599565237347,192.74235941238808,72.9162760800109,0.8635105143082249,0.758155678410279,33.374639055573546,273.3003557244093,254.1936977123706,990.8979547299517,15159427.0
2013-04,5.216215493857197,1.4323758875967214,223.2665483772808,159.15422490796576,0.9890066976759626,0.7298101866500394,33.35404301979941,273.40784800669684,262.54359459030235,985.6438985102524,14440180.0
2013-05,4.856414406621185,2.340542085243007,257.97940019807345,231.10602746213843,1.1339885816758462,0.6828543315749467,33.29802501235909,273.8450607064624,270.566337109839,984.1502215038633,13125777.0
2013-06,4.777982009707368,4.089509641826658,292.6982605652378,248.2492788131207,1.5282463679570317,0.3789815972672694,33.211751387849525,275.44966765387886,278.22993003988415,981.2313340816911,11604767.0
2013-07,4.419948710962573,5.075058078279316,311.9429512087029,196.58890956726665,1.7362764735763745,0.18870458744028015,33.11682689369592,277.3544596875731,280.31214328000146,981.2458772202028,8452798.0
2013-08,4.811283801658675,4.693822814891214,303.0895029875183,137.24637428482114,1.937374438526371,0.33828260197592075,33.06231554796855,278.50694272780754,279.09512690179656,979.9003516502598,6103660.0
2013-09,5.112408043259891,3.3915374257372695,283.07940463719854,67.84851250482441,1.7829665561081958,0.6518323845969528,33.07765559368773,277.29622248285153,274.1045454485221,980.6215463134994,5353405.0
2013-10,5.435694482656738,2.163722439352532,249.84815072282728,23.842666734145403,1.7102043679193566,1.0698623172831345,33.13986208536849,275.46338505718796,266.96518645183767,978.3432799072051,8145809.0
2013-11,5.8006751855370835,1.3625600422417514,217.91806898685277,4.936672239185994,1.6062204640666236,1.203470548784054,33.21192032352884,274.32771044698126,258.90291148086044,975.1259958898463,10261823.0
2013-12,5.648061715243611,1.1168209410834786,204.44073849171966,1.1034318793402993,1.3128998364104603,0.9947071433673415,33.27207391337291,273.75567051210714,254.9984871972179,978.4047078913643,12450740.0
2014-01,5.399018758988971,1.006976068808068,195.30092556491707,3.0542784803528904,1.08174490364489,0.8404546696695088,33.32117984557055,273.5272864740034,251.7612735092335,981.9775853158521,13859281.0
2014-02,5.494212630907138,1.0872087252107643,199.19143781445806,17.67764079452335,0.9627570804124536,0.715443048314331,33.34991266258495,273.38860869292614,253.65080430250012,984.1577215568584,14545530.0
2014-03,5.386984528656216,1.1884506370879964,205.8428625217781,69.31202463817323,1.088433025572783,0.854249457044985,33.357433970836034,273.34759019067496,257.3604412838622,978.6566556286182,14873045.0
2014-04,5.388741508372771,1.5486739898413944,226.769148545082,154.65413948206302,1.0888963656275827,0.8189405577598114,33.337351333522186,273.4977722003489,263.3256068318008,978.7304439845398,14251514.0
2014-05,4.9419806886847475,2.3895727932022983,259.8640026963217,227.29909445911778,1.255348643330665,0.7144364236566708,33.28449145930539,274.0129488758373,271.03387627801595,984.165258832222,12804783.0
2014-06,4.554415316720759,3.9011923639995074,292.73145975760804,241.13683754658578,1.5644993807933032,0.358270596736304,33.20424530682464,275.60024406374936,277.65955683194574,983.2086165700498,11342310.0
2014-07,4.262954827074091,5.141277008186987,313.2847925346087,197.5043457325148,1.7222521022839106,0.16270804741701334,33.1192171487036,277.6983675708269,280.4453800967532,981.9354089751099,8282561.0
2014-08,4.735102739150149,4.847455137811778,306.74229110493997,136.5535157017706,1.9614241403664299,0.2823638821212339,33.05877816451278,278.86244581844966,279.3704723386178,980.482654010365,6226020.0
2014-09,5.421835205590431,3.370359168150754,279.12104578175234,71.1191906919427,1.8889529863267918,0.6983173613089486,33.08450585288631,277.7252395004095,274.4050722340315,978.5485919139447,5292877.0
2014-10,5.3560660393940855,2.080011419564434,249.96866070645106,24.806595707823853,1.5424951847549753,0.9983231399686908,33.15158469252707,275.6704868388928,266.8217694796193,983.1860207295975,8116325.0
2014-11,5.610035262864128,1.4459721826124678,221.36306929029215,4.778189522568305,1.3442021766522965,0.9749281405160674,33.20598440262333,274.534788775698,258.9597255353959,979.9997195931569,10379551.0
2014-12,5.739294480022947,1.1017222203841237,204.04847426547087,1.1294070368430786,1.4276486839318765,1.1101105834564753,33.262608258768836,273.96639451471526,254.60021891890128,979.1337797810422,12587452.0
2015-01,5.634117097630333,0.9463043433392738,193.51612419778232,3.18860669129054,1.230244604007864,0.9697259338726049,33.310159375148025,273.6152842083513,252.22704865012798,977.8351396440637,13753202.0
2015-02,5.897816422312092,0.9555989318298718,194.52316514462595,17.353459410279083,1.2777469828716956,1.0371634760680941,33.33533407484061,273.32752663091196,252.6771637716168,978.8171289235008,14513390.0
2015-03,5.651279285358637,1.1700932166506366,204.48264790634786,68.64783600756218,1.186522302073721,0.9216404412955538,33.3410112878189,273.3105348445764,256.9922004446342,977.6840652900256,14486792.0
2015-04,5.179857669439202,1.5676854969157035,227.9459435367755,153.72469144384357,1.0275183680260696,0.7566164784390906,33.327231890854904,273.4170051024601,263.01765108427844,981.1832451352153,13977043.0
2015-05,4.789034727605888,2.42868499706643,259.9778335445543,228.2353717047287,1.2114563035361003,0.6375159861826197,33.263924581384366,273.93407389885397,270.87493452602513,982.7809672466279,12687025.0
2015-06,4.72340831037153,3.9818552918212924,293.1840410750131,242.25587394294635,1.6032673712856507,0.3039296030198829,33.18696872740508,275.34004284396275,278.0263546846964,980.4283814581592,11046918.0
2015-07,4.408034633401332,5.105280187770949,312.5015504442066,193.0276780387127,1.7469729370332419,0.09044424955669143,33.10440718023438,277.27314053994786,280.22319318521625,982.1301512393844,8826170.0
2015-08,4.686671626911518,4.641179282760513,305.8244343835021,129.76933715060645,1.9586780111633533,0.26116175951600995,33.051730265555186,278.37269416642556,278.8271188227075,982.7735161968845,5656263.0
2015-09,5.110694491119743,3.460932338690276,282.5564418877304,68.32163579528635,1.911381775461359,0.7099328731337436,33.086512220556294,277.49759000601864,274.54826018051335,981.0888731756369,4684205.0
2015-10,5.420071420905286,2.18168565792799,251.768446363497,24.497840413225227,1.6252729786829694,1.00693999046561,33.159057616393085,275.6227831512975,267.31615940993595,979.1011481410468,7792677.0
2015-11,5.534617223920526,1.4613238492320386,221.59220894848426,5.152726823353088,1.4514792020344334,1.0757951846339167,33.23439728975243,274.4751181825501,259.3536391223671,977.1007252937236,10106923.0
2015-12,5.834942399399858,1.0679857243304651,199.36939496691105,1.1627944637215737,1.3846417943967801,1.0242734784357275,33.29852100148233,273.85756401573246,253.58808766965146,975.6533199514015,12333348.0
2016-01,5.529511684650942,1.0662712096466973,203.47353505270428,3.1061741588229017,1.029603676786271,0.827589439648008,33.351118225489365,273.5620955557426,254.8264868279376,982.2990862441804,13606835.0
2016-02,5.5777594413359335,1.1100987258540247,202.06561845509916,18.13686884949469,1.0903434182476242,0.8885890420217295,33.36995350518442,273.3586907535183,254.64243936810823,980.670059794476,14291677.0
2016-03,5.156161587617629,1.2167985235185101,206.4987660786293,69.76090941798643,0.9430718122324525,0.7289924249517369,33.371515405021206,273.40269835236444,257.31414503364897,981.3020659651205,14521587.0
2016-04,5.11554159108455,1.6393371882295218,231.00269330026802,155.86067578093483,0.9697601069735335,0.6878776474035868,33.345817610769444,273.5739456721284,263.87144132497804,986.2477890621757,13805814.0
2016-05,4.8070529530144785,2.5785130519281205,266.0986995361622,224.24522888783306,1.1688464511696195,0.6164710556825347,33.28331312653926,274.2386206247769,271.907181522062,984.8191950315421,12093470.0
2016-06,4.6479640726659985,4.121564697167953,294.894398701462,246.4125794428431,1.4926054793703534,0.329459873317645,33.20284634081955,275.71028891402614,278.73048132828166,981.7265871338043,10645155.0
2016-07,4.4933796745761825,5.2873091079053385,313.04682064011706,202.416768176491,1.7803331823326614,0.16262356224042904,33.12069475062671,278.05455386790084,281.1285787142862,981.4162631377955,8183891.0
2016-08,5.052652135993172,4.891104556190732,305.93508437478897,136.12808543913764,2.0781012085334756,0.32531069220403264,33.076046569207044,279.000863327703,279.7277097213594,980.139359312121,5595206.0
2016-09,5.207002671002651,3.814702726164937,287.73683310546227,67.65825739415732,1.9071119269012915,0.5921815094644305,33.10166188609307,277.93191803161096,275.5855073233434,979.5539175278286,4738491.0
2016-10,5.396848210649289,2.3972393312195575,259.7594258534288,23.696864971493596,1.5706095595296663,0.931250909635407,33.16872304600892,276.1691323490367,268.97266462204544,984.5424319287388,6489544.0
2016-11,5.353644112189287,1.5480069161935033,228.46291513856062,5.155011553012877,1.4399295618848014,1.016497316182135,33.233988068612206,275.03705874618424,260.9673747228782,981.0826386318711,9080282.0
2016-12,5.774318828335736,1.1398469334358925,204.4564662878023,1.1140441033983937,1.47724194803795,1.0906476701586496,33.308601341202355,274.2608619767546,254.7904087166716,976.7399699793197,12062117.0
2017-01,6.084061891581578,1.0190433762027749,198.77289401287155,3.2348278226501206,1.4008858047345005,1.1081396839717539,33.364165857262506,273.86373797674275,253.49687571782374,976.7790859265905,13394913.0
2017-02,5.5356245967891935,1.0460636275430013,199.088571836578,18.232387448490808,1.2052272135254927,0.9608262117477475,33.380154668862694,273.67282863535155,253.76286865011883,980.0453698621261,14261171.0
2017-03,5.520670816387568,1.245271501047505,209.2405492959533,69.4755159997136,1.0637380880480911,0.8562107573811497,33.38124425618445,273.556548617089,257.98443989559155,978.8018661978743,14456364.0
2017-04,5.037796015018993,1.4920923815663627,226.10941713509254,156.70383328157556,1.1082476046678351,0.8255515248215185,33.359283891327294,273.5589845267097,263.010431334428,982.7386354359144,13823701.0
2017-05,4.727478672728762,2.332210295843376,260.475063721104,225.64864810864185,1.1661374361631986,0.6520846340647481,33.29747046844008,273.99932710069567,270.46219721450166,985.144676539502,12747403.0
2017-06,4.693960910224063,3.912950202086729,291.39619241021086,246.1679163134651,1.497004689388006,0.3315834799547507,33.217189198316845,275.4148631234341,277.7568367479394,979.8332379444308,11065909.0
2017-07,4.547021481921713,4.916583157547873,308.074516809594,202.98558833496037,1.8215274387600897,0.2166642029705949,33.11765305369443,277.63143768045967,280.1930894967222,978.5632213651453,8271989.0
2017-08,4.748373892545248,4.879515297227369,307.95755079870685,132.4559478127556,2.0206280562404277,0.34039699495475084,33.075523437170915,278.7157418308831,279.53993608923906,979.412405460565,5510251.0
2017-09,5.116914637895443,3.596853540559145,287.36868671236584,65.00424030485468,1.8518345321801237,0.6007035353905007,33.09371944628436,277.9217896104268,274.95146302714494,981.487757622677,4894919.0
2017-10,5.364104825571676,2.3244155676201808,256.47773335830124,23.217296304977573,1.7436198228954922,1.0266250602032654,33.167419180558674,276.30451741445455,267.9159648730403,979.5230443658937,7399693.0
2017-11,5.748687792970714,1.4477993742912612,223.2774351443914,4.91842651450557,1.670314222200678,1.205690702971574,33.25863284874956,274.86413120884356,259.84158203112526,981.3410118469327,9844098.0
2017-12,5.657147221763747,1.2380341991657602,210.64750307715357,1.1174712747147213,1.333841348349077,1.032194283873005,33.31566420437255,274.1430496156435,256.4327459777093,981.319095466595,12011969.0
2018-01,5.310133218134381,1.060445306428195,200.53290382633665,3.1659851351269572,1.1320078841050187,0.8858420703171531,33.49899567318764,273.8104555581761,253.56977027512127,982.737708044252,13246553.0
2018-02,5.706556873998054,1.0675191046423023,203.59893748151947,17.661326329931768,1.267719835114147,1.0315955613416936,33.51654725725544,273.6163009291101,254.6457053724651,982.8859708029894,14115339.0
2018-03,5.137296467584439,0.9510255899140072,195.64857536793644,70.33188538933508,1.008169825695881,0.8734774975104633,33.538621503732195,273.4578236693668,254.73953184317077,984.981742903075,14408998.0
2018-04,4.964348065494536,1.5058938966751765,224.822902771443,157.65094145432525,0.967128188504446,0.7281791240638479,33.51608226120778,273.53417614950075,262.7258238838957,981.9051509469824,13766034.0
2018-05,4.998093592797981,2.3489565272252353,259.843157759082,227.68097367034022,1.2407796399533757,0.7077332450163752,33.45349469660492,274.0628018847042,270.3149588218967,980.4291778788595,12363082.0
2018-06,4.637448027937764,4.068188773024874,294.3314763888201,244.78826757096166,1.525215656479038,0.34231822630231457,33.37518788702894,275.2949463705176,278.020242951258,980.2231301623572,10926087.0
2018-07,4.691679367573319,5.0333902454306125,311.16307569819276,200.31088361198465,1.7722452390996803,0.26672249582861585,33.28471944357635,277.25209346330473,280.29670965861044,980.1075743783498,8661358.0
2018-08,4.7438741540095615,4.882700811825334,308.8270867616786,127.48427072874124,2.1299870244805503,0.24109826795636932,33.23277207721864,278.5344999336616,279.1581643621401,978.2642823101529,5622998.0
2018-09,5.232015294851653,3.5812540832091866,283.5153813944909,69.45878553705032,1.9575723217606888,0.6004763363066074,33.256054168075586,277.88740517839454,274.840138574232,980.2086813025145,4834953.0
2018-10,5.516410439375818,2.4401210501622663,257.1451005588629,25.108109965925838,1.7845617650773082,0.9731922740159241,33.32176473587469,276.1610044997148,269.0654483565795,977.7421347342454,6824601.0
2018-11,5.43091617509291,1.4402167688276208,220.90924885028278,4.937238989325442,1.3208847943488977,0.9041500537991627,33.376157646095606,274.8059280028175,259.13366520627534,983.425499936902,10279618.0
2018-12,5.647007376489134,1.1576571567820997,205.64874743707367,1.1644218667817752,1.2404992737325744,0.9337569791338416,33.43700784604949,274.1522015678512,254.93284645727076,979.1783898439645,12092694.0
